2025-02-08 17:02:17,4.106,5.4
2025-02-08 17:03:06,4.106,5.407
2025-02-08 17:03:55,4.104,5.38
2025-02-08 17:04:44,4.104,5.395
2025-02-08 17:05:34,4.104,5.404
2025-02-08 17:06:23,4.102,5.38
2025-02-08 17:07:12,4.102,5.356
2025-02-08 17:08:01,4.1,5.371
2025-02-08 17:08:51,4.1,5.397
2025-02-08 17:09:40,4.1,5.378
2025-02-08 17:10:29,4.1,5.371
2025-02-08 17:11:18,4.1,5.366
2025-02-08 17:12:07,4.1,5.356
2025-02-08 17:12:57,4.098,5.392
2025-02-08 17:13:46,4.098,5.39
2025-02-08 17:14:35,4.098,5.356
2025-02-08 17:15:24,4.098,5.368
2025-02-08 17:16:14,4.096,5.366
2025-02-08 17:17:03,4.098,5.4
2025-02-08 17:17:52,4.096,5.358
2025-02-08 17:18:41,4.096,5.402
2025-02-08 17:19:31,4.096,5.404
2025-02-08 17:20:20,4.096,5.387
2025-02-08 17:21:09,4.096,5.354
2025-02-08 17:21:58,4.096,5.378
2025-02-08 17:22:48,4.094,5.397
2025-02-08 17:23:37,4.094,5.358
2025-02-08 17:24:26,4.094,5.395
2025-02-08 17:25:15,4.094,5.397
2025-02-08 17:26:05,4.094,5.358
2025-02-08 17:26:54,4.094,5.371
2025-02-08 17:27:43,4.092,5.354
2025-02-08 17:28:32,4.092,5.363
2025-02-08 17:29:22,4.092,5.354
2025-02-08 17:30:11,4.09,5.356
2025-02-08 17:31:00,4.09,5.356
2025-02-08 17:31:49,4.09,5.342
2025-02-08 17:32:39,4.09,5.346
2025-02-08 17:33:28,4.088,5.351
2025-02-08 17:34:17,4.088,5.361
2025-02-08 17:35:06,4.088,5.356
2025-02-08 17:35:56,4.086,5.366
2025-02-08 17:36:45,4.086,5.361
2025-02-08 17:37:34,4.086,5.342
2025-02-08 17:38:23,4.086,5.334
2025-02-08 17:39:12,4.086,5.363
2025-02-08 17:40:02,4.084,5.322
2025-02-08 17:40:51,4.084,5.349
2025-02-08 17:41:40,4.084,5.346
2025-02-08 17:42:29,4.084,5.351
2025-02-08 17:43:19,4.082,5.327
2025-02-08 17:44:08,4.082,5.329
2025-02-08 17:44:57,4.08,5.327
2025-02-08 17:45:46,4.08,5.32
2025-02-08 17:46:36,4.08,5.346
2025-02-08 17:47:25,4.08,5.315
2025-02-08 17:48:14,4.08,5.313
2025-02-08 17:49:03,4.078,5.233
2025-02-08 17:49:53,4.078,5.141
2025-02-08 17:50:42,4.078,5.042
2025-02-08 17:51:31,4.078,4.948
2025-02-08 17:52:20,4.076,4.848
2025-02-08 17:53:10,4.076,4.742
2025-02-08 17:53:59,4.076,4.643
2025-02-08 17:54:48,4.076,4.542
2025-02-08 17:55:37,4.076,4.445
2025-02-08 17:56:27,4.074,4.351
2025-02-08 17:57:16,4.074,4.251
2025-02-08 17:58:05,4.074,4.155
2025-02-08 17:58:54,4.074,4.073
2025-02-08 17:59:44,4.072,3.998
2025-02-08 18:00:33,4.072,3.889
2025-02-08 18:01:22,4.072,3.768
2025-02-08 18:02:11,4.072,3.657
2025-02-08 18:03:01,4.072,3.56
2025-02-08 18:03:50,4.072,3.461
2025-02-08 18:04:39,4.07,3.377
2025-02-08 18:05:28,4.07,3.299
2025-02-08 18:06:18,4.07,3.222
2025-02-08 18:07:07,4.07,3.161
2025-02-08 18:07:56,4.07,3.103
2025-02-08 18:08:45,4.068,2.985
2025-02-08 18:09:35,4.068,2.828
2025-02-08 18:10:24,4.068,2.707
2025-02-08 18:11:13,4.068,2.596
2025-02-08 18:12:02,4.068,2.499
2025-02-08 18:12:52,4.066,2.383
2025-02-08 18:13:41,4.066,2.267
2025-02-08 18:14:30,4.066,2.137
2025-02-08 18:15:19,4.066,1.987
2025-02-08 18:16:09,4.066,1.834
2025-02-08 18:16:58,4.066,1.646
2025-02-08 18:17:47,4.064,1.45
2025-02-08 18:18:36,4.064,1.269
2025-02-08 18:19:26,4.064,1.105
2025-02-08 18:20:15,4.064,0.962
2025-02-08 18:21:04,4.064,0.834
2025-02-08 18:21:54,4.062,0.72
2025-02-08 18:22:43,4.062,0.614
2025-02-08 18:23:32,4.062,0.522
2025-02-08 18:24:21,4.062,0.45
2025-02-08 18:25:11,4.062,0.404
2025-02-08 18:26:00,4.06,0.379
2025-02-08 18:26:49,4.06,0.36
2025-02-08 18:27:38,4.06,0.353
2025-02-08 18:28:28,4.06,0.346
2025-02-08 18:29:17,4.06,0.346
2025-02-08 18:30:06,4.06,0.331
2025-02-08 18:30:55,4.06,0.334
2025-02-08 18:31:45,4.06,0.331
2025-02-08 18:32:34,4.06,0.336
2025-02-08 18:33:23,4.058,0.326
2025-02-08 18:34:12,4.058,0.331
2025-02-08 18:35:02,4.058,0.326
2025-02-08 18:35:51,4.058,0.324
2025-02-08 18:36:40,4.058,0.321
2025-02-08 18:37:29,4.058,0.321
2025-02-08 18:38:19,4.058,0.324
2025-02-08 18:39:08,4.058,0.321
2025-02-08 18:39:57,4.056,0.317
2025-02-08 18:40:46,4.056,0.326
2025-02-08 18:41:36,4.056,0.319
2025-02-08 18:42:25,4.056,0.324
2025-02-08 18:43:14,4.056,0.319
2025-02-08 18:44:04,4.056,0.319
2025-02-08 18:44:53,4.054,0.321
2025-02-08 18:45:42,4.054,0.321
2025-02-08 18:46:31,4.054,0.317
2025-02-08 18:47:21,4.054,0.326
2025-02-08 18:48:10,4.054,0.319
2025-02-08 18:48:59,4.054,0.319
2025-02-08 18:49:48,4.054,0.317
2025-02-08 18:50:38,4.054,0.319
2025-02-08 18:51:27,4.052,0.319
2025-02-08 18:52:16,4.052,0.324
2025-02-08 18:53:05,4.052,0.314
2025-02-08 18:53:55,4.052,0.317
2025-02-08 18:54:44,4.052,0.312
2025-02-08 18:55:33,4.052,0.317
2025-02-08 18:56:22,4.052,0.321
2025-02-08 18:57:12,4.052,0.314
2025-02-08 18:58:01,4.052,0.319
2025-02-08 18:58:50,4.05,0.317
2025-02-08 18:59:40,4.05,0.314
2025-02-08 19:00:29,4.05,0.317
2025-02-08 19:01:18,4.05,0.312
2025-02-08 19:02:07,4.05,0.314
2025-02-08 19:02:57,4.05,0.319
2025-02-08 19:03:46,4.05,0.319
2025-02-08 19:04:35,4.05,0.324
2025-02-08 19:05:24,4.05,0.317
2025-02-08 19:06:14,4.05,0.312
2025-02-08 19:07:03,4.05,0.312
2025-02-08 19:07:52,4.048,0.319
2025-02-08 19:08:41,4.048,0.314
2025-02-08 19:09:31,4.048,0.312
2025-02-08 19:10:20,4.048,0.314
2025-02-08 19:11:09,4.048,0.314
2025-02-08 19:11:59,4.048,0.317
2025-02-08 19:12:48,4.048,0.314
2025-02-08 19:13:37,4.046,0.314
2025-02-08 19:14:26,4.046,0.314
2025-02-08 19:15:16,4.046,0.314
2025-02-08 19:16:05,4.046,0.314
2025-02-08 19:16:54,4.046,0.314
2025-02-08 19:17:43,4.046,0.314
2025-02-08 19:18:33,4.046,0.314
2025-02-08 19:19:22,4.046,0.312
2025-02-08 19:20:11,4.046,0.321
2025-02-08 19:21:00,4.046,0.309
2025-02-08 19:21:50,4.046,0.319
2025-02-08 19:22:39,4.046,0.319
2025-02-08 19:23:28,4.046,0.314
2025-02-08 19:24:18,4.044,0.317
2025-02-08 19:25:07,4.044,0.317
2025-02-08 19:25:56,4.044,0.317
2025-02-08 19:26:45,4.044,0.312
2025-02-08 19:27:35,4.044,0.314
2025-02-08 19:28:24,4.044,0.309
2025-02-08 19:29:13,4.044,0.312
2025-02-08 19:30:02,4.044,0.314
2025-02-08 19:30:52,4.044,0.314
2025-02-08 19:31:41,4.042,0.312
2025-02-08 19:32:30,4.042,0.312
2025-02-08 19:33:19,4.042,0.312
2025-02-08 19:34:09,4.042,0.317
2025-02-08 19:34:58,4.042,0.312
2025-02-08 19:35:47,4.042,0.309
2025-02-08 19:36:37,4.042,0.319
2025-02-08 19:37:26,4.042,0.314
2025-02-08 19:38:15,4.042,0.319
2025-02-08 19:39:04,4.042,0.317
2025-02-08 19:39:54,4.042,0.317
2025-02-08 19:40:43,4.04,0.317
2025-02-08 19:41:32,4.04,0.312
2025-02-08 19:42:21,4.04,0.314
2025-02-08 19:43:11,4.04,0.314
2025-02-08 19:44:00,4.04,0.309
2025-02-08 19:44:49,4.04,0.312
2025-02-08 19:45:38,4.04,0.317
2025-02-08 19:46:28,4.04,0.314
2025-02-08 19:47:17,4.04,0.319
2025-02-08 19:48:06,4.04,0.314
2025-02-08 19:48:56,4.04,0.319
2025-02-08 19:49:45,4.04,0.312
2025-02-08 19:50:34,4.04,0.314
2025-02-08 19:51:23,4.04,0.312
2025-02-08 19:52:13,4.038,0.317
2025-02-08 19:53:02,4.04,0.309
2025-02-08 19:53:51,4.038,0.314
2025-02-08 19:55:29,4.038,0.312
2025-02-08 19:56:18,4.038,0.314
2025-02-08 19:57:08,4.038,0.314
2025-02-08 19:57:57,4.038,0.312
2025-02-08 19:58:46,4.038,0.309
2025-02-08 19:59:35,4.038,0.312
2025-02-08 20:00:25,4.038,0.312
2025-02-08 20:01:14,4.038,0.314
2025-02-08 20:02:03,4.038,0.312
2025-02-08 20:02:52,4.036,0.317
2025-02-08 20:03:42,4.036,0.314
2025-02-08 20:04:31,4.036,0.314
2025-02-08 20:05:20,4.036,0.312
2025-02-08 20:06:10,4.036,0.317
2025-02-08 20:06:59,4.036,0.312
2025-02-08 20:07:48,4.036,0.314
2025-02-08 20:08:37,4.036,0.314
2025-02-08 20:10:16,4.036,0.312
2025-02-08 20:11:05,4.036,0.309
2025-02-08 20:11:55,4.036,0.317
2025-02-08 20:13:33,4.036,0.312
2025-02-08 20:14:23,4.034,0.314
2025-02-08 20:15:12,4.034,0.309
2025-02-08 20:16:50,4.034,0.317
2025-02-08 20:17:49,4.034,0.312
2025-02-08 20:19:18,4.034,0.312
2025-02-08 20:20:07,4.034,0.312
2025-02-08 20:20:57,4.034,0.314
2025-02-08 20:21:46,4.034,0.314
2025-02-08 20:22:42,4.032,0.307
2025-02-08 20:24:14,4.032,0.309
2025-02-08 20:29:10,4.032,0.312
2025-02-08 20:29:59,4.032,0.312
2025-02-08 20:30:49,4.032,0.317
2025-02-08 20:31:55,4.032,0.309
2025-02-08 20:33:16,4.032,0.312
2025-02-08 20:34:05,4.032,0.314
2025-02-08 20:35:03,4.032,0.307
2025-02-08 20:35:43,4.032,0.309
2025-02-08 20:36:33,4.032,0.309
2025-02-08 20:37:22,4.032,0.312
2025-02-08 20:38:13,4.032,0.312
2025-02-08 20:39:02,4.032,0.309
2025-02-08 20:39:50,4.032,0.314
2025-02-08 20:40:40,4.03,0.317
2025-02-08 20:41:31,4.03,0.309
2025-02-08 20:42:18,4.03,0.309
2025-02-08 20:43:07,4.03,0.312
2025-02-08 20:43:58,4.03,0.312
2025-02-08 20:44:47,4.03,0.314
2025-02-08 20:45:34,4.03,0.309
2025-02-08 20:46:27,4.03,0.305
2025-02-08 20:47:15,4.03,0.309
2025-02-08 20:48:04,4.03,0.307
2025-02-08 20:48:55,4.03,0.312
2025-02-08 20:49:42,4.03,0.309
2025-02-08 20:50:30,4.03,0.312
2025-02-08 20:51:20,4.03,0.317
2025-02-08 20:52:15,4.028,0.309
2025-02-08 20:53:03,4.03,0.312
2025-02-08 20:53:53,4.028,0.312
2025-02-08 20:54:45,4.028,0.309
2025-02-08 20:55:29,4.028,0.309
2025-02-08 20:56:23,4.028,0.312
2025-02-08 20:57:11,4.028,0.307
2025-02-08 20:57:58,4.028,0.307
2025-02-08 20:58:47,4.028,0.309
2025-02-08 20:59:37,4.028,0.312
2025-02-08 21:00:28,4.028,0.307
2025-02-08 21:01:21,4.028,0.312
2025-02-08 21:02:03,4.028,0.309
2025-02-08 21:02:57,4.028,0.309
2025-02-08 21:03:41,4.028,0.307
2025-02-08 21:04:35,4.028,0.309
2025-02-08 21:05:18,4.028,0.309
2025-02-08 21:06:10,4.026,0.307
2025-02-08 21:07:05,4.026,0.309
2025-02-08 21:07:50,4.026,0.309
2025-02-08 21:08:35,4.026,0.312
2025-02-08 21:09:33,4.026,0.307
2025-02-08 21:10:22,4.026,0.309
2025-02-08 21:11:13,4.026,0.309
2025-02-08 21:12:03,4.026,0.312
2025-02-08 21:12:52,4.026,0.305
2025-02-08 21:13:31,4.026,0.309
2025-02-08 21:14:24,4.026,0.305
2025-02-08 21:15:17,4.026,0.307
2025-02-08 21:15:58,4.026,0.309
2025-02-08 21:16:53,4.026,0.307
2025-02-08 21:17:47,4.026,0.307
2025-02-08 21:18:29,4.026,0.309
2025-02-08 21:19:25,4.026,0.312
2025-02-08 21:20:07,4.026,0.307
2025-02-08 21:21:03,4.026,0.312
2025-02-08 21:21:48,4.026,0.312
2025-02-08 21:22:46,4.026,0.307
2025-02-08 21:23:30,4.026,0.307
2025-02-08 21:24:18,4.026,0.309
2025-02-08 21:25:05,4.024,0.307
2025-02-08 21:25:52,4.024,0.307
2025-02-08 21:26:38,4.024,0.309
2025-02-08 21:27:43,4.024,0.309
2025-02-08 21:28:17,4.024,0.307
2025-02-08 21:29:21,4.024,0.314
2025-02-08 21:30:10,4.024,0.302
2025-02-08 21:31:00,4.024,0.307
2025-02-08 21:31:34,4.024,0.307
2025-02-08 21:32:23,4.024,0.307
2025-02-08 21:33:15,4.022,0.307
2025-02-08 21:34:09,4.024,0.307
2025-02-08 21:35:03,4.022,0.302
2025-02-08 21:35:57,4.024,0.309
2025-02-08 21:36:34,4.024,0.307
2025-02-08 21:37:29,4.024,0.305
2025-02-08 21:38:25,4.022,0.305
2025-02-08 21:39:02,4.024,0.302
2025-02-08 21:39:59,4.022,0.302
2025-02-08 21:40:37,4.022,0.307
2025-02-08 21:41:35,4.024,0.307
2025-02-08 21:42:33,4.022,0.309
2025-02-08 21:43:11,4.022,0.305
2025-02-08 21:44:06,4.022,0.307
2025-02-08 21:44:44,4.022,0.305
2025-02-08 21:45:40,4.022,0.305
2025-02-08 21:46:37,4.022,0.302
2025-02-08 21:47:15,4.022,0.307
2025-02-08 21:48:15,4.022,0.307
2025-02-08 21:48:56,4.022,0.302
2025-02-08 21:49:57,4.022,0.302
2025-02-08 21:50:37,4.022,0.305
2025-02-08 21:51:17,4.022,0.305
2025-02-08 21:52:16,4.022,0.307
2025-02-08 21:52:57,4.022,0.302
2025-02-08 21:53:57,4.022,0.297
2025-02-08 21:54:39,4.022,0.307
2025-02-08 21:55:42,4.02,0.302
2025-02-08 21:56:23,4.02,0.302
2025-02-08 21:57:04,4.02,0.302
2025-02-08 21:58:07,4.02,0.305
2025-02-08 21:58:49,4.02,0.3
2025-02-08 21:59:32,4.02,0.302
2025-02-08 22:00:34,4.02,0.307
2025-02-08 22:01:18,4.02,0.307
2025-02-08 22:01:59,4.02,0.305
2025-02-08 22:03:02,4.02,0.302
2025-02-08 22:03:43,4.02,0.309
2025-02-08 22:04:26,4.02,0.305
2025-02-08 22:05:29,4.02,0.3
2025-02-08 22:06:12,4.02,0.297
2025-02-08 22:06:56,4.02,0.297
2025-02-08 22:08:00,4.02,0.3
2025-02-08 22:08:44,4.02,0.302
2025-02-08 22:09:28,4.02,0.305
2025-02-08 22:10:15,4.02,0.305
2025-02-08 22:11:01,4.02,0.302
2025-02-08 22:12:08,4.018,0.302
2025-02-08 22:12:53,4.02,0.3
2025-02-08 22:13:39,4.018,0.307
2025-02-08 22:14:24,4.018,0.305
2025-02-08 22:15:10,4.018,0.302
2025-02-08 22:15:56,4.018,0.302
2025-02-08 22:17:05,4.018,0.297
2025-02-08 22:17:52,4.018,0.305
2025-02-08 22:18:39,4.018,0.3
2025-02-08 22:19:26,4.018,0.302
2025-02-08 22:20:13,4.018,0.305
2025-02-08 22:21:01,4.018,0.3
2025-02-08 22:21:49,4.018,0.292
2025-02-08 22:22:36,4.018,0.305
2025-02-08 22:23:25,4.018,0.302
2025-02-08 22:24:13,4.018,0.302
2025-02-08 22:25:02,4.018,0.305
2025-02-08 22:25:51,4.018,0.305
2025-02-08 22:26:41,4.018,0.307
2025-02-08 22:27:31,4.018,0.302
2025-02-08 22:28:21,4.018,0.302
2025-02-08 22:29:11,4.018,0.302
2025-02-08 22:30:02,4.018,0.307
2025-02-08 22:30:53,4.018,0.3
2025-02-08 22:31:45,4.016,0.305
2025-02-08 22:32:36,4.016,0.302
2025-02-08 22:33:28,4.018,0.302
2025-02-08 22:34:20,4.016,0.295
2025-02-08 22:35:12,4.016,0.307
2025-02-08 22:35:39,4.016,0.302
2025-02-08 22:36:31,4.016,0.302
2025-02-08 22:37:24,4.016,0.302
2025-02-08 22:38:18,4.016,0.302
2025-02-08 22:39:11,4.016,0.3
2025-02-08 22:40:05,4.016,0.3
2025-02-08 22:40:58,4.016,0.302
2025-02-08 22:41:25,4.016,0.3
2025-02-08 22:42:19,4.016,0.305
2025-02-09 08:54:15,4.024,5.286
2025-02-09 08:55:04,4.024,5.762
2025-02-09 08:55:54,4.028,5.678
2025-02-09 08:56:45,4.026,5.518
2025-02-09 08:57:32,4.028,5.298
2025-02-09 08:58:23,4.028,5.346
2025-02-09 08:59:10,4.028,5.895
2025-02-09 09:00:01,4.03,5.395
2025-02-09 09:00:53,4.03,5.508
2025-02-09 09:01:38,4.032,5.31
2025-02-09 09:02:28,4.034,5.47
2025-02-09 09:03:20,4.034,5.325
2025-02-09 09:04:08,4.032,5.32
2025-02-09 09:04:57,4.036,5.358
2025-02-09 09:05:50,4.036,5.755
2025-02-09 09:06:35,4.038,5.322
2025-02-09 09:07:25,4.038,5.395
2025-02-09 09:08:14,4.04,5.322
2025-02-09 09:09:06,4.04,5.583
2025-02-09 09:09:55,4.038,5.361
2025-02-09 09:10:40,4.042,5.32
2025-02-09 09:11:35,4.042,5.325
2025-02-09 09:12:23,4.042,5.325
2025-02-09 09:32:24,4.07,5.378
2025-02-09 09:41:01,4.09,5.421
2025-02-09 09:41:50,4.092,5.426
2025-02-09 09:42:40,4.096,5.431
2025-02-09 09:43:29,4.094,5.421
2025-02-09 09:44:18,4.092,5.404
2025-02-09 09:45:07,4.098,5.412
2025-02-09 09:45:58,4.104,5.443
2025-02-09 09:46:47,4.108,5.455
2025-02-09 09:47:37,4.112,5.458
2025-02-09 09:48:26,4.116,5.465
2025-02-09 09:49:14,4.12,5.47
2025-02-09 09:50:05,4.126,5.477
2025-02-09 09:50:54,4.13,5.484
2025-02-09 09:51:40,4.136,5.484
2025-02-09 09:52:34,4.14,5.499
2025-02-09 09:53:24,4.146,5.496
2025-02-09 09:54:10,4.152,5.508
2025-02-09 09:54:57,4.162,5.523
2025-02-09 09:55:47,4.168,5.532
2025-02-09 09:56:38,4.172,5.542
2025-02-09 09:57:30,4.162,6.475
2025-02-09 09:58:16,4.176,5.571
2025-02-09 09:59:11,4.172,5.503
2025-02-09 10:00:00,4.178,5.52
2025-02-09 10:00:42,4.166,6.613
2025-02-09 10:01:31,4.164,6.714
2025-02-09 10:02:20,4.164,6.753
2025-02-09 10:03:10,4.166,6.722
2025-02-09 10:04:00,4.166,6.76
2025-02-09 10:04:48,4.168,6.765
2025-02-09 10:05:39,4.138,7.05
2025-02-09 10:06:27,4.134,7.046
2025-02-09 10:07:16,4.13,7.036
2025-02-09 10:08:07,4.128,7.036
2025-02-09 10:08:58,4.126,7.046
2025-02-09 10:09:44,4.122,7.031
2025-02-09 10:10:34,4.12,7.031
2025-02-09 10:11:25,4.118,7.017
2025-02-09 10:12:12,4.116,6.995
2025-02-09 10:13:01,4.114,6.99
2025-02-09 10:13:52,4.114,6.98
2025-02-09 10:14:38,4.112,6.983
2025-02-09 10:15:33,4.112,6.971
2025-02-09 10:16:23,4.11,6.963
2025-02-09 10:17:08,4.108,6.978
2025-02-09 10:18:02,4.106,6.973
2025-02-09 10:18:49,4.106,6.971
2025-02-09 10:19:38,4.104,6.968
2025-02-09 10:20:28,4.104,6.951
2025-02-09 10:21:19,4.104,6.942
2025-02-09 10:22:09,4.102,6.937
2025-02-09 10:22:56,4.1,6.93
2025-02-09 10:23:43,4.1,6.927
2025-02-09 10:24:30,4.1,6.922
2025-02-09 10:25:19,4.098,6.913
2025-02-09 10:26:09,4.098,6.915
2025-02-09 10:26:59,4.096,6.915
2025-02-09 10:27:51,4.096,6.93
2025-02-09 10:28:44,4.096,6.93
2025-02-09 10:29:27,4.094,6.934
2025-02-09 10:30:21,4.094,6.937
2025-02-09 10:31:06,4.094,6.934
2025-02-09 10:31:52,4.092,6.944
2025-02-09 10:32:50,4.092,6.922
2025-02-09 10:33:37,4.092,6.893
2025-02-09 10:34:24,4.09,6.891
2025-02-09 10:35:13,4.09,6.876
2025-02-09 10:36:02,4.088,6.876
2025-02-09 10:36:52,4.088,6.908
2025-02-09 10:37:43,4.088,6.888
2025-02-09 10:38:34,4.088,6.91
2025-02-09 10:39:26,4.088,6.908
2025-02-09 10:40:06,4.088,6.905
2025-02-09 10:41:00,4.086,6.903
2025-02-09 10:41:54,4.086,6.91
2025-02-09 10:42:36,4.086,6.922
2025-02-09 10:43:31,4.084,6.908
2025-02-09 10:44:13,4.084,6.893
2025-02-09 10:45:10,4.084,6.898
2025-02-09 10:45:54,4.082,6.901
2025-02-09 10:46:38,4.082,6.881
2025-02-09 10:47:39,4.082,6.881
2025-02-09 10:48:24,4.082,6.896
2025-02-09 10:49:10,4.08,6.896
2025-02-09 10:49:56,4.08,6.925
2025-02-09 10:50:57,4.08,6.934
2025-02-09 10:51:44,4.08,6.934
2025-02-09 10:52:32,4.08,6.908
2025-02-09 10:53:20,4.078,6.879
2025-02-09 10:54:08,4.078,6.881
2025-02-09 10:54:56,4.078,6.872
2025-02-09 10:55:45,4.078,6.833
2025-02-09 10:56:36,4.078,6.799
2025-02-09 10:57:26,4.076,6.806
2025-02-09 10:58:16,4.076,6.772
2025-02-09 10:59:07,4.076,6.835
2025-02-09 10:59:58,4.076,6.838
2025-02-09 11:00:51,4.076,6.85
2025-02-09 11:01:26,4.076,6.874
2025-02-09 11:02:19,4.074,6.876
2025-02-09 11:03:12,4.074,6.879
2025-02-09 11:04:05,4.074,6.872
2025-02-09 11:04:41,4.074,6.874
2025-02-09 11:05:36,4.074,6.864
2025-02-09 11:06:31,4.072,6.864
2025-02-09 11:07:08,4.072,6.859
2025-02-09 11:08:04,4.072,6.867
2025-02-09 11:09:00,4.072,6.879
2025-02-09 11:09:42,4.072,6.898
2025-02-09 11:10:25,4.072,6.896
2025-02-09 11:11:15,4.07,6.91
2025-02-09 11:12:03,4.07,6.891
2025-02-09 11:12:57,4.07,6.898
2025-02-09 11:13:50,4.07,6.898
2025-02-09 11:14:32,4.068,6.879
2025-02-09 11:15:31,4.07,6.896
2025-02-09 11:17:48,4.068,6.922
2025-02-09 11:18:37,4.068,6.944
2025-02-09 11:19:26,4.068,6.93
2025-02-09 11:20:16,4.068,6.942
2025-02-09 11:21:07,4.066,6.908
2025-02-09 11:21:56,4.066,6.896
2025-02-09 11:22:46,4.066,6.922
2025-02-09 11:23:32,4.066,6.925
2025-02-09 11:24:22,4.066,6.91
2025-02-09 11:25:11,4.066,6.893
2025-02-09 11:26:04,4.064,6.881
2025-02-09 11:26:51,4.064,6.891
2025-02-09 11:27:40,4.064,6.893
2025-02-09 11:28:31,4.064,6.903
2025-02-09 11:29:18,4.064,6.898
2025-02-09 11:30:07,4.064,6.881
2025-02-09 11:31:00,4.062,6.874
2025-02-09 11:31:48,4.062,6.859
2025-02-09 11:32:39,4.062,6.85
2025-02-09 11:33:23,4.062,6.843
2025-02-09 11:34:15,4.062,6.835
2025-02-09 11:35:01,4.062,6.838
2025-02-09 11:35:56,4.062,6.843
2025-02-09 11:36:44,4.062,6.835
2025-02-09 11:37:33,4.06,6.83
2025-02-09 11:38:24,4.06,6.847
2025-02-09 11:39:08,4.06,6.872
2025-02-09 11:40:01,4.06,6.867
2025-02-09 11:41:34,4.06,6.884
2025-02-09 11:42:24,4.06,6.901
2025-02-09 11:43:13,4.06,6.891
2025-02-09 11:44:02,4.058,6.881
2025-02-09 11:44:51,4.058,6.874
2025-02-09 11:45:41,4.058,6.792
2025-02-09 11:46:31,4.058,6.821
2025-02-09 11:47:34,4.058,6.864
2025-02-09 11:48:18,4.058,6.886
2025-02-09 11:48:58,4.058,6.954
2025-02-09 11:49:49,4.058,6.944
2025-02-09 11:50:42,4.13,5.576
2025-02-09 11:51:34,4.138,5.583
2025-02-09 11:52:23,4.148,5.583
2025-02-09 11:53:06,4.154,5.605
2025-02-09 11:53:55,4.15,6.103
2025-02-09 11:54:42,4.152,6.226
2025-02-09 11:55:31,4.154,6.294
2025-02-09 11:56:22,4.156,6.357
2025-02-09 11:57:13,4.158,6.265
2025-02-09 11:58:01,4.16,6.362
2025-02-09 11:58:49,4.162,6.574
2025-02-09 11:59:41,4.164,6.567
2025-02-09 12:00:30,4.166,6.42
2025-02-09 12:01:17,4.164,6.697
2025-02-09 12:02:06,4.168,6.519
2025-02-09 12:02:57,4.142,6.867
2025-02-09 12:03:46,4.14,6.879
2025-02-09 12:04:33,4.136,6.857
2025-02-09 12:05:21,4.134,6.845
2025-02-09 12:06:11,4.132,6.838
2025-02-09 12:07:03,4.13,6.855
2025-02-09 12:07:55,4.128,6.811
2025-02-09 12:08:43,4.126,6.867
2025-02-09 12:09:32,4.126,6.872
2025-02-09 12:10:23,4.124,6.867
2025-02-09 12:11:14,4.122,6.847
2025-02-09 12:11:57,4.12,6.847
2025-02-09 12:12:51,4.118,6.823
2025-02-09 12:13:37,4.118,6.838
2025-02-09 12:14:24,4.116,6.731
2025-02-09 12:15:12,4.116,6.862
2025-02-09 12:16:11,4.114,6.823
2025-02-09 12:16:50,4.114,6.816
2025-02-09 12:17:41,4.112,6.826
2025-02-09 12:18:33,4.112,6.826
2025-02-09 12:19:26,4.11,6.845
2025-02-09 12:20:10,4.11,6.826
2025-02-09 12:21:05,4.108,6.833
2025-02-09 12:21:50,4.108,6.821
2025-02-09 12:22:35,4.106,6.833
2025-02-09 12:23:33,4.106,6.835
2025-02-09 12:56:22,4.08,6.741
2025-02-09 13:24:05,4.066,6.843
2025-02-09 13:24:53,4.066,6.804
2025-02-09 13:25:44,4.066,6.77
2025-02-09 13:26:32,4.066,6.755
2025-02-09 13:27:22,4.066,6.746
2025-02-09 13:33:08,4.064,6.845
2025-02-09 13:33:54,4.064,6.801
2025-02-09 13:34:52,4.062,6.84
2025-02-09 14:32:08,4.1,6.934
2025-02-09 14:32:57,4.098,6.896
2025-02-09 14:33:47,4.098,6.847
2025-02-09 14:34:36,4.096,6.835
2025-02-09 14:35:27,4.096,6.855
2025-02-09 14:36:17,4.096,6.961
2025-02-09 14:37:06,4.094,6.843
2025-02-09 14:38:43,4.094,6.862
2025-02-09 14:39:31,4.092,6.814
2025-02-09 14:40:21,4.092,6.806
2025-02-09 14:41:12,4.092,6.806
2025-02-09 14:42:18,4.092,6.77
2025-02-09 14:43:12,4.09,6.743
2025-02-09 14:44:30,4.09,6.799
2025-02-09 14:45:17,4.088,6.847
2025-02-09 14:46:07,4.088,6.804
2025-02-09 14:47:00,4.088,6.845
2025-02-09 14:47:47,4.088,6.717
2025-02-09 14:48:36,4.086,6.753
2025-02-09 14:49:27,4.086,6.695
2025-02-09 14:50:12,4.086,6.702
2025-02-09 14:51:06,4.086,6.784
2025-02-09 14:51:53,4.084,6.806
2025-02-09 14:52:42,4.084,6.908
2025-02-09 14:53:32,4.084,6.862
2025-02-09 14:54:24,4.082,6.855
2025-02-09 14:55:09,4.082,6.852
2025-02-09 14:56:03,4.082,6.787
2025-02-09 14:56:50,4.082,6.777
2025-02-09 14:57:37,4.08,6.84
2025-02-09 14:58:26,4.08,6.814
2025-02-09 14:59:16,4.08,6.884
2025-02-09 15:00:06,4.08,6.859
2025-02-09 15:00:58,4.078,6.886
2025-02-09 15:01:41,4.078,6.872
2025-02-09 15:03:28,4.078,6.855
2025-02-09 15:04:13,4.078,6.963
2025-02-09 15:05:53,4.076,6.992
2025-02-09 15:06:45,4.076,6.966
2025-02-09 15:07:33,4.076,6.908
2025-02-09 15:09:03,4.076,6.847
2025-02-09 15:09:36,4.074,6.792
2025-02-09 15:10:16,4.074,6.862
2025-02-09 15:12:59,4.074,6.847
2025-02-09 15:13:46,4.072,6.838
2025-02-09 15:15:09,4.072,6.823
2025-02-09 15:16:17,4.072,6.818
2025-02-09 15:17:28,4.072,6.833
2025-02-09 15:18:48,4.072,6.884
2025-02-09 15:19:35,4.072,6.959
2025-02-09 15:20:34,4.07,6.872
2025-02-09 15:21:45,4.07,6.828
2025-02-09 15:23:14,4.07,6.801
2025-02-09 15:24:35,4.07,6.794
2025-02-09 15:26:01,4.068,6.763
2025-02-09 15:26:39,4.068,6.741
2025-02-09 15:26:52,4.068,6.748
2025-02-09 15:27:04,4.068,6.78
2025-02-09 15:27:17,4.068,6.809
2025-02-09 15:27:30,4.068,6.838
2025-02-09 15:27:43,4.066,6.884
2025-02-09 15:27:56,4.068,6.855
2025-02-09 15:28:09,4.066,6.806
2025-02-09 15:28:22,4.066,6.84
2025-02-09 15:28:48,4.066,6.84
2025-02-09 15:29:41,4.066,6.876
2025-02-09 15:30:34,4.066,6.862
2025-02-09 15:31:14,4.064,6.847
2025-02-09 15:32:10,4.064,6.876
2025-02-09 15:32:53,4.064,6.968
2025-02-09 15:33:51,4.064,6.891
2025-02-09 15:34:34,4.064,6.956
2025-02-09 15:35:18,4.062,6.917
2025-02-09 15:36:17,4.062,6.855
2025-02-09 15:37:04,4.062,6.917
2025-02-09 15:37:51,4.062,6.862
2025-02-09 15:38:38,4.062,6.816
2025-02-09 15:39:38,4.062,6.811
2025-02-09 15:40:23,4.062,6.869
2025-02-09 15:41:11,4.06,6.903
2025-02-09 15:41:59,4.06,6.893
2025-02-09 15:42:47,4.06,6.891
2025-02-09 15:43:36,4.06,6.816
2025-02-09 15:44:24,4.06,6.746
2025-02-09 15:45:13,4.06,6.784
2025-02-09 15:46:02,4.06,6.852
2025-02-09 15:46:52,4.06,6.804
2025-02-09 15:47:41,4.058,6.702
2025-02-09 15:48:31,4.06,6.726
2025-02-09 15:49:22,4.058,6.739
2025-02-09 15:50:13,4.058,6.835
2025-02-09 15:51:06,4.058,6.76
2025-02-09 15:51:58,4.058,6.712
2025-02-09 15:52:33,4.058,6.739
2025-02-09 15:53:26,4.08,5.583
2025-02-09 15:54:19,4.078,5.349
2025-02-09 15:55:14,4.078,5.445
2025-02-09 15:55:50,4.08,5.513
2025-02-09 15:56:49,4.088,5.385
2025-02-09 15:57:27,4.094,5.366
2025-02-09 15:58:23,4.094,5.424
2025-02-09 15:59:20,4.092,5.375
2025-02-09 15:59:58,4.094,5.421
2025-02-09 16:00:56,4.094,5.656
2025-02-09 16:01:35,4.094,5.402
2025-02-09 16:02:33,4.096,5.441
2025-02-09 16:03:12,4.094,5.395
2025-02-09 16:04:11,4.094,5.554
2025-02-09 16:04:51,4.096,5.436
2025-02-09 16:05:51,4.096,5.368
2025-02-09 16:06:32,4.098,5.583
2025-02-09 16:07:33,4.1,5.419
2025-02-09 16:08:14,4.102,5.593
2025-02-09 16:08:55,4.104,5.612
2025-02-09 16:10:38,4.106,5.477
2025-02-09 16:11:41,4.108,5.627
2025-02-09 16:13:04,4.116,5.646
2025-02-09 16:14:07,4.12,5.719
2025-02-09 16:14:49,4.122,5.482
2025-02-09 16:15:32,4.12,5.424
2025-02-09 16:16:36,4.12,5.458
2025-02-09 16:17:19,4.122,5.595
2025-02-09 16:18:03,4.126,5.615
2025-02-09 16:18:47,4.128,5.412
2025-02-09 16:19:54,4.128,5.561
2025-02-09 16:20:40,4.13,5.586
2025-02-09 16:21:25,4.13,5.605
2025-02-09 16:22:12,4.134,5.52
2025-02-09 16:22:58,4.138,5.47
2025-02-09 16:23:45,4.138,5.586
2025-02-09 16:24:32,4.138,5.436
2025-02-09 16:25:42,4.142,5.467
2025-02-09 16:26:29,4.146,5.528
2025-02-09 16:27:15,4.15,5.491
2025-02-09 16:28:02,4.152,5.605
2025-02-09 16:28:49,4.152,5.499
2025-02-09 16:29:36,4.158,5.458
2025-02-09 16:30:23,4.158,5.61
2025-02-09 16:31:12,4.16,5.581
2025-02-09 16:32:00,4.162,5.482
2025-02-09 16:32:49,4.162,5.477
2025-02-09 16:33:38,4.164,5.557
2025-02-09 16:34:26,4.166,5.54
2025-02-09 16:35:15,4.166,5.47
2025-02-09 16:36:05,4.168,5.482
2025-02-09 16:36:55,4.168,5.605
2025-02-09 16:37:45,4.17,5.552
2025-02-09 16:38:35,4.172,5.489
2025-02-09 16:39:25,4.172,5.482
2025-02-09 16:40:16,4.174,5.593
2025-02-09 16:41:07,4.176,5.477
2025-02-09 16:41:58,4.176,5.617
2025-02-09 16:43:37,4.166,6.671
2025-02-09 16:44:29,4.162,6.681
2025-02-09 16:45:21,4.16,6.676
2025-02-09 16:46:13,4.156,6.647
2025-02-09 16:46:40,4.154,6.61
2025-02-09 16:47:32,4.152,6.567
2025-02-09 16:48:25,4.15,6.516
2025-02-09 16:49:18,4.148,6.487
2025-02-09 16:50:12,4.146,6.492
2025-02-09 16:51:06,4.144,6.492
2025-02-09 16:52:00,4.142,6.432
2025-02-09 16:52:27,4.142,6.366
2025-02-09 16:53:22,4.14,6.318
2025-02-09 16:54:16,4.138,6.328
2025-02-09 16:55:11,4.138,6.376
2025-02-09 16:56:06,4.136,6.441
2025-02-09 16:56:34,4.134,6.519
2025-02-09 16:57:29,4.132,6.577
2025-02-09 16:58:25,4.13,6.625
2025-02-09 16:59:22,4.13,6.642
2025-02-09 16:59:50,4.128,6.618
2025-02-09 17:00:47,4.126,6.545
2025-02-09 17:01:44,4.124,6.439
2025-02-09 17:02:41,4.124,6.313
2025-02-09 17:03:10,4.122,6.207
2025-02-09 17:04:08,4.122,6.125
2025-02-09 17:05:06,4.12,6.098
2025-02-09 17:05:36,4.118,6.122
2025-02-09 17:06:36,4.118,6.171
2025-02-09 17:07:34,4.116,6.231
2025-02-09 17:08:05,4.116,6.287
2025-02-09 17:09:03,4.114,6.325
2025-02-09 17:10:05,4.114,6.308
2025-02-09 17:10:36,4.112,6.236
2025-02-09 17:11:35,4.112,6.129
2025-02-09 17:12:35,4.11,6.055
2025-02-09 17:13:06,4.11,6.042
2025-02-09 17:14:06,4.108,6.098
2025-02-09 17:14:37,4.108,6.18
2025-02-09 17:15:38,4.106,6.258
2025-02-09 17:16:39,4.106,6.287
2025-02-09 17:17:10,4.104,6.27
2025-02-09 17:18:11,4.104,6.224
2025-02-09 17:18:42,4.102,6.171
2025-02-09 17:19:43,4.102,6.139
2025-02-09 17:20:45,4.102,6.127
2025-02-09 17:21:17,4.1,6.146
2025-02-09 17:22:20,4.1,6.2
2025-02-09 17:22:51,4.1,6.241
2025-02-09 17:23:55,4.098,6.236
2025-02-09 17:24:27,4.098,6.171
2025-02-09 17:25:31,4.096,6.047
2025-02-09 17:26:35,4.096,5.907
2025-02-09 17:27:07,4.094,5.781
2025-02-09 17:28:11,4.094,5.707
2025-02-09 17:28:45,4.094,5.668
2025-02-09 17:29:52,4.094,5.673
2025-02-09 17:30:27,4.092,5.74
2025-02-09 17:31:02,4.092,5.839
2025-02-09 17:32:12,4.09,5.91
2025-02-09 17:32:45,4.09,5.9
2025-02-09 17:33:51,4.09,5.815
2025-02-09 17:34:24,4.088,5.682
2025-02-09 17:35:30,4.088,5.571
2025-02-09 17:36:04,4.088,5.511
2025-02-09 17:37:11,4.088,5.472
2025-02-09 17:37:45,4.086,5.453
2025-02-09 17:38:53,4.086,5.441
2025-02-09 17:39:27,4.086,5.424
2025-02-09 17:40:01,4.086,5.38
2025-02-09 17:41:09,4.084,5.315
2025-02-09 17:41:44,4.084,5.242
2025-02-09 17:42:52,4.082,5.177
2025-02-09 17:43:27,4.084,5.131
2025-02-09 17:44:35,4.082,5.117
2025-02-09 17:45:10,4.082,5.11
2025-02-09 17:45:45,4.082,5.107
2025-02-09 17:46:54,4.08,5.071
2025-02-09 17:47:30,4.08,4.994
2025-02-09 17:48:40,4.08,4.853
2025-02-09 17:49:15,4.08,4.66
2025-02-09 17:50:24,4.08,4.457
2025-02-09 17:51:00,4.078,4.273
2025-02-09 17:51:35,4.078,4.133
2025-02-09 17:52:46,4.078,4.039
2025-02-09 17:53:21,4.078,3.969
2025-02-09 17:54:33,4.078,3.918
2025-02-09 17:55:09,4.076,3.872
2025-02-09 17:55:44,4.076,3.838
2025-02-09 17:56:57,4.076,3.807
2025-02-09 17:57:33,4.076,3.761
2025-02-09 17:58:10,4.076,3.674
2025-02-09 17:59:22,4.074,3.529
2025-02-09 17:59:58,4.074,3.355
2025-02-09 18:00:35,4.074,3.2
2025-02-09 18:01:48,4.072,3.103
2025-02-09 18:02:25,4.072,3.021
2025-02-09 18:03:02,4.072,2.941
2025-02-09 18:04:16,4.072,2.862
2025-02-09 18:04:54,4.07,2.78
2025-02-09 18:05:31,4.07,2.705
2025-02-09 18:06:46,4.07,2.632
2025-02-09 18:07:24,4.07,2.56
2025-02-09 18:08:01,4.07,2.487
2025-02-09 18:09:17,4.068,2.412
2025-02-09 18:09:58,4.07,2.328
2025-02-09 18:10:37,4.068,2.248
2025-02-09 18:11:15,4.068,2.158
2025-02-09 18:12:31,4.068,2.069
2025-02-09 18:13:10,4.068,1.982
2025-02-09 18:13:48,4.068,1.883
2025-02-09 18:15:04,4.066,1.776
2025-02-09 18:15:44,4.066,1.665
2025-02-09 18:16:22,4.066,1.544
2025-02-09 18:17:01,4.066,1.431
2025-02-09 18:18:18,4.066,1.305
2025-02-09 18:18:57,4.064,1.175
2025-02-09 18:19:38,4.064,1.025
2025-02-09 18:20:17,4.064,0.887
2025-02-09 18:21:35,4.064,0.742
2025-02-09 18:22:14,4.064,0.621
2025-02-09 18:22:54,4.062,0.527
2025-02-09 18:23:33,4.062,0.459
2025-02-09 18:24:52,4.062,0.418
2025-02-09 18:25:31,4.062,0.384
2025-02-09 18:26:12,4.062,0.372
2025-02-09 18:26:52,4.06,0.363
2025-02-09 18:28:12,4.06,0.353
2025-02-09 18:28:52,4.06,0.343
2025-02-09 18:29:33,4.06,0.334
2025-02-09 18:30:13,4.06,0.331
2025-02-09 18:30:54,4.06,0.331
2025-02-09 18:32:15,4.06,0.324
2025-02-09 18:32:56,4.06,0.321
2025-02-09 18:33:36,4.06,0.326
2025-02-09 18:34:17,4.058,0.317
2025-02-09 18:35:39,4.058,0.321
2025-02-09 18:36:24,4.058,0.319
2025-02-09 18:37:07,4.058,0.317
2025-02-09 18:37:50,4.058,0.317
2025-02-09 18:38:33,4.058,0.314
2025-02-09 18:39:16,4.058,0.314
2025-02-09 18:39:58,4.056,0.314
2025-02-09 18:41:24,4.056,0.317
2025-02-09 18:42:06,4.056,0.314
2025-02-09 18:42:48,4.056,0.307
2025-02-09 18:43:30,4.056,0.312
2025-02-09 18:44:13,4.056,0.317
2025-02-09 18:44:55,4.056,0.317
2025-02-09 18:46:19,4.056,0.317
2025-02-09 18:47:03,4.054,0.312
2025-02-09 18:47:46,4.054,0.312
2025-02-09 18:48:29,4.054,0.312
2025-02-09 18:49:12,4.054,0.317
2025-02-09 18:49:54,4.054,0.321
2025-02-09 18:50:37,4.054,0.309
2025-02-09 18:52:03,4.054,0.314
2025-02-09 18:52:46,4.054,0.312
2025-02-09 18:53:29,4.052,0.312
2025-02-09 18:54:12,4.052,0.312
2025-02-09 18:54:56,4.052,0.312
2025-02-09 18:55:39,4.052,0.305
2025-02-09 18:56:23,4.052,0.314
2025-02-09 18:57:51,4.05,0.314
2025-02-09 18:58:34,4.05,0.314
2025-02-09 18:59:18,4.05,0.314
2025-02-09 19:00:02,4.05,0.314
2025-02-09 19:06:25,4.05,0.314
2025-02-09 19:07:14,4.05,0.309
2025-02-09 19:08:00,4.048,0.309
2025-02-09 19:08:46,4.048,0.312
2025-02-09 19:09:31,4.048,0.314
2025-02-09 19:10:20,4.048,0.317
2025-02-09 19:11:22,4.048,0.314
2025-02-09 19:12:08,4.048,0.317
2025-02-09 19:12:54,4.048,0.317
2025-02-09 19:13:40,4.046,0.307
2025-02-09 19:14:27,4.046,0.317
2025-02-09 19:15:13,4.046,0.309
2025-02-09 19:16:03,4.046,0.317
2025-02-09 19:17:36,4.046,0.309
2025-02-09 19:18:22,4.046,0.314
2025-02-09 19:19:09,4.046,0.312
2025-02-09 19:19:55,4.046,0.317
2025-02-09 19:20:42,4.046,0.309
2025-02-09 19:21:29,4.046,0.314
2025-02-09 19:22:17,4.046,0.317
2025-02-09 19:23:04,4.046,0.307
2025-02-09 19:23:53,4.046,0.314
2025-02-09 19:24:42,4.044,0.314
2025-02-09 19:25:31,4.044,0.314
2025-02-09 19:26:22,4.044,0.312
2025-02-09 19:27:10,4.044,0.317
2025-02-09 19:28:00,4.044,0.312
2025-02-09 19:28:49,4.044,0.314
2025-02-09 19:29:39,4.044,0.309
2025-02-09 19:30:27,4.044,0.312
2025-02-09 19:31:17,4.042,0.307
2025-02-09 19:32:06,4.044,0.307
2025-02-09 19:33:03,4.042,0.309
2025-02-09 19:36:03,4.042,0.309
2025-02-09 19:38:05,4.042,0.309
2025-02-09 19:40:01,4.042,0.312
2025-02-09 19:42:08,4.042,0.314
2025-02-09 19:44:12,4.042,0.309
2025-02-09 19:46:11,4.042,0.309
2025-02-09 19:47:37,4.042,0.309
2025-02-09 19:48:26,4.04,0.309
2025-02-09 19:49:14,4.04,0.312
2025-02-09 19:50:02,4.04,0.309
2025-02-09 19:50:50,4.04,0.309
2025-02-09 19:51:38,4.04,0.317
2025-02-09 19:52:27,4.04,0.309
2025-02-09 19:53:17,4.04,0.314
2025-02-09 19:54:07,4.04,0.312
2025-02-09 19:54:59,4.04,0.312
2025-02-09 19:55:48,4.04,0.312
2025-02-09 19:56:36,4.04,0.314
2025-02-09 19:57:26,4.04,0.314
2025-02-09 19:58:15,4.04,0.312
2025-02-09 19:59:03,4.04,0.309
2025-02-09 20:01:46,4.04,0.309
2025-02-09 20:04:11,4.04,0.305
2025-02-09 20:06:28,4.038,0.312
2025-02-09 20:08:50,4.04,0.309
2025-02-09 20:11:08,4.038,0.309
2025-02-09 20:13:31,4.038,0.309
2025-02-09 20:15:53,4.038,0.307
2025-02-09 20:18:17,4.038,0.309
2025-02-09 20:20:41,4.038,0.312
2025-02-09 20:22:39,4.038,0.309
2025-02-09 20:25:00,4.038,0.312
2025-02-09 20:27:25,4.038,0.312
2025-02-09 20:29:46,4.038,0.312
2025-02-09 20:32:09,4.036,0.309
2025-02-09 20:34:30,4.036,0.309
2025-02-09 20:36:51,4.036,0.309
2025-02-09 20:39:17,4.036,0.309
2025-02-09 20:41:43,4.036,0.314
2025-02-09 20:44:04,4.036,0.309
2025-02-09 20:46:31,4.036,0.314
2025-02-09 20:48:57,4.036,0.309
2025-02-09 20:51:22,4.036,0.312
2025-02-09 20:53:50,4.036,0.314
2025-02-09 20:55:19,4.036,0.309
2025-02-09 20:57:13,4.036,0.309
2025-02-09 21:02:20,4.036,0.317
2025-02-09 21:06:00,4.036,0.312
2025-02-09 21:08:09,4.034,0.309
2025-02-09 21:10:09,4.036,0.314
2025-02-09 21:12:38,4.034,0.309
2025-02-09 21:15:08,4.034,0.314
2025-02-09 21:17:38,4.034,0.305
2025-02-09 21:19:59,4.034,0.312
2025-02-09 21:22:29,4.034,0.312
2025-02-09 21:25:00,4.034,0.307
2025-02-09 21:27:24,4.034,0.312
2025-02-09 21:29:50,4.034,0.314
2025-02-09 21:32:14,4.034,0.309
2025-02-09 21:34:44,4.034,0.309
2025-02-09 21:37:12,4.034,0.309
2025-02-09 21:39:37,4.032,0.309
2025-02-09 21:42:08,4.032,0.309
2025-02-09 21:44:39,4.032,0.309
2025-02-09 21:47:08,4.032,0.312
2025-02-09 21:49:41,4.032,0.309
2025-02-09 21:52:08,4.032,0.314
2025-02-09 21:54:43,4.032,0.309
2025-02-09 21:57:13,4.032,0.307
2025-02-09 21:59:48,4.032,0.312
2025-02-09 22:02:22,4.032,0.309
2025-02-09 22:04:43,4.032,0.307
2025-02-09 22:07:02,4.032,0.312
2025-02-09 22:09:25,4.032,0.309
2025-02-09 22:11:16,4.032,0.307
2025-02-09 22:13:30,4.032,0.312
2025-02-09 22:16:05,4.032,0.309
2025-02-09 22:18:40,4.032,0.312
2025-02-09 22:21:15,4.032,0.309
2025-02-09 22:23:52,4.032,0.307
2025-02-09 22:26:24,4.032,0.309
2025-02-09 22:27:38,4.032,0.309
2025-02-09 22:28:35,4.03,0.312
2025-02-09 22:29:29,4.03,0.307
2025-02-09 22:30:24,4.03,0.309
2025-02-09 22:31:19,4.03,0.312
2025-02-09 22:32:15,4.03,0.309
2025-02-09 22:33:11,4.03,0.307
2025-02-09 22:34:07,4.03,0.309
2025-02-09 22:35:02,4.03,0.309
2025-02-09 22:35:58,4.03,0.305
2025-02-09 22:36:54,4.028,0.305
2025-02-09 22:37:51,4.028,0.309
2025-02-09 22:38:47,4.03,0.307
2025-02-09 22:39:43,4.028,0.312
2025-02-09 22:40:39,4.028,0.305
2025-02-09 22:41:36,4.028,0.309
2025-02-09 22:42:33,4.028,0.309
2025-02-09 22:43:29,4.028,0.309
2025-02-09 22:44:26,4.028,0.305
2025-02-09 22:45:23,4.028,0.307
2025-02-09 22:46:20,4.028,0.309
2025-02-09 22:47:17,4.028,0.314
2025-02-09 22:48:14,4.028,0.309
2025-02-09 22:49:11,4.028,0.307
2025-02-09 22:50:08,4.028,0.305
2025-02-09 22:51:06,4.028,0.307
2025-02-09 22:52:05,4.028,0.309
2025-02-09 22:53:02,4.028,0.305
2025-02-09 22:54:00,4.028,0.309
2025-02-09 22:54:58,4.026,0.307
2025-02-09 22:55:56,4.026,0.309
2025-02-09 22:56:54,4.026,0.309
2025-02-09 22:57:52,4.026,0.307
2025-02-09 22:58:50,4.026,0.305
2025-02-09 22:59:48,4.026,0.309
2025-02-09 23:00:46,4.026,0.305
2025-02-09 23:01:44,4.026,0.309
2025-02-09 23:02:43,4.026,0.305
2025-02-09 23:03:42,4.026,0.305
2025-02-09 23:04:40,4.024,0.302
2025-02-09 23:05:39,4.026,0.312
2025-02-09 23:06:37,4.026,0.305
2025-02-09 23:07:36,4.024,0.307
2025-02-09 23:08:35,4.026,0.305
2025-02-09 23:09:35,4.026,0.305
2025-02-09 23:10:40,4.026,0.305
2025-02-09 23:11:40,4.026,0.307
2025-02-09 23:12:40,4.024,0.307
2025-02-09 23:13:39,4.024,0.302
2025-02-09 23:14:38,4.026,0.305
2025-02-09 23:15:39,4.024,0.309
2025-02-09 23:16:38,4.024,0.309
2025-02-09 23:17:38,4.024,0.307
2025-02-09 23:18:37,4.024,0.307
2025-02-09 23:19:38,4.024,0.309
2025-02-09 23:20:38,4.024,0.305
2025-02-09 23:21:38,4.024,0.305
2025-02-09 23:22:38,4.024,0.309
2025-02-09 23:23:40,4.024,0.307
2025-02-09 23:24:40,4.024,0.305
2025-02-09 23:25:41,4.024,0.305
2025-02-09 23:26:41,4.024,0.305
2025-02-09 23:27:42,4.024,0.307
2025-02-09 23:28:43,4.022,0.305
2025-02-09 23:29:43,4.022,0.305
2025-02-09 23:30:45,4.022,0.305
2025-02-09 23:31:46,4.022,0.307
2025-02-09 23:32:48,4.024,0.305
2025-02-09 23:33:50,4.022,0.307
2025-02-09 23:34:53,4.022,0.305
2025-02-09 23:35:57,4.022,0.3
2025-02-09 23:37:01,4.022,0.307
2025-02-09 23:38:07,4.022,0.305
2025-02-09 23:39:11,4.022,0.305
2025-02-09 23:40:16,4.022,0.305
2025-02-09 23:41:21,4.022,0.302
2025-02-09 23:42:25,4.022,0.309
2025-02-09 23:43:31,4.022,0.305
2025-02-09 23:44:38,4.022,0.305
2025-02-09 23:45:43,4.022,0.307
2025-02-09 23:46:49,4.022,0.305
2025-02-09 23:47:55,4.022,0.307
2025-02-09 23:48:58,4.022,0.302
2025-02-09 23:50:01,4.022,0.305
2025-02-09 23:51:04,4.022,0.305
2025-02-09 23:52:08,4.022,0.305
2025-02-09 23:53:12,4.02,0.305
2025-02-09 23:54:15,4.02,0.309
2025-02-09 23:55:19,4.02,0.305
2025-02-09 23:56:22,4.02,0.305
2025-02-09 23:57:27,4.02,0.309
2025-02-09 23:58:30,4.02,0.312
2025-02-09 23:59:34,4.02,0.305
2025-02-10 00:00:38,4.02,0.309
2025-02-10 00:01:43,4.02,0.307
2025-02-10 00:02:47,4.02,0.302
2025-02-10 00:03:52,4.02,0.307
2025-02-10 00:04:56,4.02,0.309
2025-02-10 00:06:00,4.02,0.307
2025-02-10 00:07:07,4.02,0.307
2025-02-10 00:08:12,4.02,0.307
2025-02-10 00:09:17,4.02,0.305
2025-02-10 00:10:22,4.02,0.302
2025-02-10 00:11:30,4.02,0.302
2025-02-10 00:12:36,4.018,0.305
2025-02-10 00:13:41,4.018,0.305
2025-02-10 00:14:46,4.018,0.307
2025-02-10 00:15:51,4.018,0.305
2025-02-10 00:16:57,4.018,0.305
2025-02-10 00:18:02,4.018,0.307
2025-02-10 00:19:08,4.018,0.305
2025-02-10 00:20:14,4.018,0.302
2025-02-10 00:21:21,4.018,0.305
2025-02-10 00:22:27,4.018,0.307
2025-02-10 00:23:33,4.018,0.305
2025-02-10 00:24:39,4.018,0.305
2025-02-10 00:25:46,4.018,0.305
2025-02-10 00:26:53,4.018,0.302
2025-02-10 00:27:59,4.018,0.302
2025-02-10 00:29:06,4.018,0.302
2025-02-10 00:30:13,4.018,0.307
2025-02-10 00:31:19,4.018,0.3
2025-02-10 00:32:26,4.018,0.302
2025-02-10 00:33:35,4.018,0.302
2025-02-10 00:34:42,4.016,0.295
2025-02-10 00:35:49,4.016,0.3
2025-02-10 00:36:57,4.018,0.302
2025-02-10 00:38:05,4.018,0.305
2025-02-10 00:39:13,4.018,0.297
2025-02-10 00:40:21,4.016,0.302
2025-02-10 00:41:28,4.016,0.302
2025-02-10 00:42:38,4.016,0.302
2025-02-10 00:43:46,4.016,0.302
2025-02-10 00:44:54,4.016,0.3
2025-02-10 00:46:02,4.016,0.295
2025-02-10 00:47:12,4.016,0.3
2025-02-10 00:48:20,4.016,0.302
2025-02-10 00:49:36,4.016,0.3
2025-02-10 00:50:50,4.016,0.302
2025-02-10 00:52:05,4.016,0.297
2025-02-10 00:53:15,4.016,0.3
2025-02-10 00:54:24,4.016,0.295
2025-02-10 00:55:33,4.016,0.297
2025-02-10 00:56:42,4.016,0.305
2025-02-10 00:57:51,4.016,0.305
2025-02-10 00:59:02,4.016,0.307
2025-02-10 01:00:11,4.016,0.302
2025-02-10 01:01:21,4.016,0.297
2025-02-10 01:02:31,4.016,0.305
2025-02-10 01:03:40,4.016,0.307
2025-02-10 01:04:50,4.016,0.305
2025-02-10 01:06:00,4.016,0.305
2025-02-10 01:07:11,4.014,0.305
2025-02-10 01:08:22,4.016,0.309
2025-02-10 01:09:32,4.014,0.305
2025-02-10 01:10:51,4.014,0.307
2025-02-10 01:12:02,4.014,0.305
2025-02-10 01:13:14,4.014,0.305
2025-02-10 01:14:25,4.014,0.307
2025-02-10 01:15:37,4.014,0.302
2025-02-10 01:16:48,4.014,0.305
2025-02-10 01:17:59,4.014,0.305
2025-02-10 01:19:14,4.014,0.307
2025-02-10 01:20:31,4.014,0.305
2025-02-10 01:21:44,4.014,0.302
2025-02-10 01:22:56,4.014,0.305
2025-02-10 01:24:08,4.014,0.305
2025-02-10 01:25:19,4.014,0.305
2025-02-10 01:26:32,4.014,0.307
2025-02-10 01:27:52,4.014,0.305
2025-02-10 01:29:04,4.014,0.307
2025-02-10 01:30:17,4.014,0.307
2025-02-10 01:31:29,4.014,0.305
2025-02-10 01:32:43,4.014,0.305
2025-02-10 01:33:57,4.014,0.302
2025-02-10 01:35:10,4.014,0.302
2025-02-10 01:36:24,4.014,0.305
2025-02-10 01:37:38,4.014,0.307
2025-02-10 01:38:51,4.012,0.307
2025-02-10 01:40:04,4.014,0.305
2025-02-10 01:41:18,4.012,0.305
2025-02-10 01:42:32,4.014,0.3
2025-02-10 01:43:45,4.014,0.305
2025-02-10 01:44:59,4.014,0.3
2025-02-10 01:46:13,4.014,0.302
2025-02-10 01:47:27,4.014,0.302
2025-02-10 01:48:41,4.014,0.297
2025-02-10 01:49:57,4.014,0.307
2025-02-10 01:51:12,4.012,0.302
2025-02-10 01:52:26,4.012,0.305
2025-02-10 01:53:42,4.012,0.305
2025-02-10 01:54:57,4.012,0.302
2025-02-10 01:56:17,4.012,0.302
2025-02-10 01:57:35,4.012,0.305
2025-02-10 01:58:55,4.012,0.302
2025-02-10 02:00:13,4.012,0.302
2025-02-10 02:01:28,4.012,0.3
2025-02-10 02:02:44,4.012,0.305
2025-02-10 02:03:59,4.012,0.302
2025-02-10 02:05:15,4.012,0.302
2025-02-10 02:06:30,4.012,0.302
2025-02-10 02:07:47,4.012,0.302
2025-02-10 02:09:04,4.012,0.3
2025-02-10 02:10:23,4.012,0.302
2025-02-10 02:11:39,4.012,0.302
2025-02-10 02:12:56,4.012,0.3
2025-02-10 02:14:12,4.012,0.297
2025-02-10 02:15:29,4.012,0.3
2025-02-10 02:16:45,4.01,0.302
2025-02-10 02:18:02,4.012,0.305
2025-02-10 02:19:19,4.01,0.297
2025-02-10 02:20:36,4.012,0.302
2025-02-10 02:21:53,4.012,0.302
2025-02-10 02:23:10,4.01,0.3
2025-02-10 02:24:27,4.012,0.302
2025-02-10 02:25:47,4.01,0.302
2025-02-10 02:27:04,4.01,0.307
2025-02-10 02:28:22,4.01,0.302
2025-02-10 02:29:39,4.01,0.297
2025-02-10 02:30:58,4.01,0.3
2025-02-10 02:32:16,4.01,0.305
2025-02-10 02:33:36,4.01,0.302
2025-02-10 02:34:54,4.01,0.3
2025-02-10 02:36:13,4.01,0.295
2025-02-10 02:37:32,4.01,0.3
2025-02-10 02:38:50,4.01,0.3
2025-02-10 02:40:09,4.01,0.3
2025-02-10 02:41:29,4.01,0.302
2025-02-10 02:42:48,4.01,0.297
2025-02-10 02:44:09,4.01,0.3
2025-02-10 02:45:28,4.01,0.3
2025-02-10 02:46:48,4.01,0.297
2025-02-10 02:48:08,4.01,0.302
2025-02-10 02:49:27,4.01,0.297
2025-02-10 02:50:47,4.01,0.302
2025-02-10 02:52:07,4.01,0.3
2025-02-10 02:53:27,4.008,0.3
2025-02-10 02:54:47,4.008,0.302
2025-02-10 02:56:07,4.008,0.302
2025-02-10 02:57:29,4.008,0.3
2025-02-10 02:58:49,4.01,0.302
2025-02-10 03:00:10,4.01,0.302
2025-02-10 03:01:34,4.008,0.297
2025-02-10 03:02:59,4.008,0.297
2025-02-10 03:04:22,4.008,0.3
2025-02-10 03:05:46,4.008,0.3
2025-02-10 03:07:09,4.008,0.295
2025-02-10 03:08:34,4.008,0.3
2025-02-10 03:10:02,4.008,0.3
2025-02-10 03:11:28,4.008,0.297
2025-02-10 03:12:53,4.008,0.3
2025-02-10 03:14:17,4.008,0.295
2025-02-10 03:15:41,4.008,0.3
2025-02-10 03:17:09,4.008,0.297
2025-02-10 03:18:32,4.008,0.302
2025-02-10 03:19:57,4.008,0.3
2025-02-10 03:21:20,4.008,0.295
2025-02-10 03:22:50,4.008,0.3
2025-02-10 03:24:21,4.008,0.3
2025-02-10 03:25:48,4.008,0.297
2025-02-10 03:27:13,4.008,0.3
2025-02-10 03:28:36,4.008,0.3
2025-02-10 03:30:00,4.008,0.297
2025-02-10 03:31:26,4.006,0.3
2025-02-10 03:32:50,4.008,0.295
2025-02-10 03:34:16,4.008,0.297
2025-02-10 03:35:41,4.008,0.3
2025-02-10 03:37:06,4.006,0.292
2025-02-10 03:38:31,4.008,0.297
2025-02-10 03:39:56,4.006,0.297
2025-02-10 03:41:21,4.006,0.3
2025-02-10 03:42:45,4.006,0.297
2025-02-10 03:44:11,4.006,0.297
2025-02-10 03:45:38,4.006,0.302
2025-02-10 03:47:03,4.006,0.302
2025-02-10 03:48:28,4.006,0.297
2025-02-10 03:49:54,4.006,0.3
2025-02-10 03:51:20,4.006,0.3
2025-02-10 03:52:46,4.006,0.3
2025-02-10 03:54:12,4.006,0.3
2025-02-10 03:55:38,4.006,0.297
2025-02-10 03:57:04,4.006,0.3
2025-02-10 03:58:30,4.006,0.3
2025-02-10 03:59:56,4.006,0.3
2025-02-10 04:01:22,4.006,0.3
2025-02-10 04:02:49,4.006,0.3
2025-02-10 04:04:15,4.006,0.3
2025-02-10 04:05:43,4.006,0.302
2025-02-10 04:07:10,4.006,0.292
2025-02-10 04:08:38,4.006,0.305
2025-02-10 04:10:12,4.006,0.302
2025-02-10 04:11:40,4.004,0.3
2025-02-10 04:13:07,4.006,0.3
2025-02-10 04:14:34,4.006,0.297
2025-02-10 04:16:02,4.004,0.297
2025-02-10 04:17:30,4.004,0.295
2025-02-10 04:18:58,4.004,0.302
2025-02-10 04:20:26,4.006,0.297
2025-02-10 04:21:54,4.004,0.302
2025-02-10 04:23:23,4.004,0.3
2025-02-10 04:24:51,4.004,0.3
2025-02-10 04:26:20,4.004,0.295
2025-02-10 04:27:50,4.004,0.3
2025-02-10 04:29:28,4.004,0.302
2025-02-10 04:31:06,4.004,0.3
2025-02-10 04:32:35,4.004,0.3
2025-02-10 04:34:07,4.004,0.3
2025-02-10 04:35:37,4.004,0.3
2025-02-10 04:37:07,4.004,0.297
2025-02-10 04:38:37,4.004,0.297
2025-02-10 04:40:07,4.004,0.29
2025-02-10 04:41:37,4.004,0.297
2025-02-10 04:43:07,4.004,0.297
2025-02-10 04:44:37,4.004,0.295
2025-02-10 04:46:08,4.004,0.3
2025-02-10 04:47:38,4.004,0.3
2025-02-10 04:49:09,4.004,0.302
2025-02-10 04:50:41,4.004,0.297
2025-02-10 04:52:13,4.004,0.3
2025-02-10 04:53:44,4.004,0.3
2025-02-10 04:55:15,4.004,0.3
2025-02-10 04:56:46,4.004,0.3
2025-02-10 04:58:17,4.004,0.3
2025-02-10 04:59:48,4.004,0.295
2025-02-10 05:01:20,4.004,0.297
2025-02-10 05:02:51,4.004,0.295
2025-02-10 05:04:23,4.002,0.3
2025-02-10 05:05:55,4.004,0.297
2025-02-10 05:07:27,4.002,0.3
2025-02-10 05:09:00,4.002,0.297
2025-02-10 05:10:36,4.004,0.295
2025-02-10 05:12:14,4.002,0.3
2025-02-10 05:13:46,4.002,0.297
2025-02-10 05:15:19,4.004,0.3
2025-02-10 05:16:52,4.002,0.3
2025-02-10 05:18:25,4.002,0.3
2025-02-10 05:19:59,4.002,0.3
2025-02-10 05:21:32,4.002,0.297
2025-02-10 05:23:06,4.002,0.3
2025-02-10 05:24:39,4.002,0.302
2025-02-10 05:26:13,4.002,0.3
2025-02-10 05:27:47,4.002,0.302
2025-02-10 05:29:21,4.002,0.302
2025-02-10 05:30:55,4.002,0.302
2025-02-10 05:32:30,4.002,0.297
2025-02-10 05:34:17,4.002,0.302
2025-02-10 05:36:02,4.002,0.297
2025-02-10 05:37:42,4.002,0.3
2025-02-10 05:39:16,4.002,0.292
2025-02-10 05:40:52,4.002,0.297
2025-02-10 05:42:27,4.002,0.297
2025-02-10 05:44:03,4.002,0.3
2025-02-10 05:45:38,4.002,0.292
2025-02-10 05:47:13,4.002,0.3
2025-02-10 05:48:48,4.002,0.297
2025-02-10 05:50:24,4.002,0.297
2025-02-10 05:52:00,4.002,0.297
2025-02-10 05:53:36,4.002,0.297
2025-02-10 05:55:12,4.002,0.3
2025-02-10 05:56:48,4.002,0.3
2025-02-10 05:58:25,4.002,0.3
2025-02-10 06:00:03,4.002,0.297
2025-02-10 06:01:40,4.0,0.297
2025-02-10 06:03:17,4.0,0.297
2025-02-10 06:04:54,4.002,0.3
2025-02-10 06:06:30,4.002,0.3
2025-02-10 06:08:08,4.0,0.297
2025-02-10 06:09:49,4.002,0.297
2025-02-10 06:11:30,4.002,0.297
2025-02-10 06:13:07,4.0,0.297
2025-02-10 06:14:44,4.0,0.302
2025-02-10 06:16:22,4.0,0.3
2025-02-10 06:18:00,4.0,0.297
2025-02-10 06:19:39,4.0,0.297
2025-02-10 06:21:17,4.0,0.295
2025-02-10 06:22:57,4.0,0.3
2025-02-10 06:24:35,4.0,0.297
2025-02-10 06:26:14,4.0,0.3
2025-02-10 06:27:52,4.0,0.297
2025-02-10 06:29:31,4.0,0.297
2025-02-10 06:31:10,4.0,0.3
2025-02-10 06:32:48,4.0,0.297
2025-02-10 06:34:29,4.0,0.297
2025-02-10 06:36:08,4.0,0.302
2025-02-10 06:37:49,4.0,0.297
2025-02-10 06:39:33,4.0,0.3
2025-02-10 06:41:17,4.0,0.302
2025-02-10 06:43:01,4.0,0.297
2025-02-10 06:44:42,4.0,0.3
2025-02-10 06:46:26,4.0,0.295
2025-02-10 06:48:17,4.0,0.3
2025-02-10 06:50:04,4.0,0.295
2025-02-10 06:51:48,4.0,0.295
2025-02-10 06:53:29,4.0,0.3
2025-02-10 06:55:11,4.0,0.297
2025-02-10 06:56:52,4.0,0.295
2025-02-10 06:58:33,3.998,0.3
2025-02-10 07:00:14,4.0,0.3
2025-02-10 07:05:02,3.998,0.297
2025-02-10 07:06:44,4.0,0.295
2025-02-10 07:08:27,3.998,0.3
2025-02-10 07:10:14,3.998,0.295
2025-02-10 07:12:02,3.998,0.297
2025-02-10 07:13:45,3.998,0.297
2025-02-10 07:15:27,3.998,0.292
2025-02-10 07:20:20,3.998,0.297
2025-02-10 07:22:02,3.998,0.295
2025-02-10 07:23:44,3.998,0.297
2025-02-10 07:25:27,3.998,0.297
2025-02-10 07:27:10,3.998,0.295
2025-02-10 07:28:53,3.998,0.302
2025-02-10 07:30:36,3.998,0.295
2025-02-10 07:32:21,3.998,0.3
2025-02-10 07:34:06,3.998,0.297
2025-02-10 07:35:50,3.998,0.297
2025-02-10 07:37:34,3.998,0.3
2025-02-10 07:39:19,3.998,0.295
2025-02-10 07:41:03,3.998,0.3
2025-02-10 07:42:48,3.998,0.3
2025-02-10 07:44:33,3.998,0.295
2025-02-10 07:46:20,3.998,0.3
2025-02-10 07:48:05,3.998,0.295
2025-02-10 07:49:49,3.998,0.295
2025-02-10 07:51:35,3.998,0.297
2025-02-10 07:53:28,3.998,0.297
2025-02-10 07:55:14,3.998,0.297
2025-02-10 07:56:59,3.998,0.297
2025-02-10 07:58:47,3.998,0.3
2025-02-10 08:00:47,3.998,0.295
2025-02-10 08:02:44,3.998,0.3
2025-02-10 08:04:30,3.998,0.297
2025-02-10 08:06:16,3.998,0.297
2025-02-10 08:08:05,3.996,0.29
2025-02-10 08:09:55,3.998,0.292
2025-02-10 08:11:52,3.998,0.295
2025-02-10 08:13:41,3.998,0.295
2025-02-10 08:15:28,3.998,0.302
2025-02-10 08:20:32,3.998,0.295
2025-02-10 08:22:19,3.996,0.3
2025-02-10 08:24:07,3.998,0.297
2025-02-10 08:25:55,3.998,0.297
2025-02-10 08:31:00,3.998,0.297
2025-02-10 08:32:55,3.996,0.297
2025-02-10 08:34:47,3.996,0.297
2025-02-10 08:36:37,3.996,0.302
2025-02-10 08:38:26,3.996,0.295
2025-02-10 08:40:14,3.996,0.297
2025-02-10 08:42:04,3.996,0.297
2025-02-10 08:44:04,3.996,0.295
2025-02-10 08:45:53,3.996,0.295
2025-02-10 08:48:09,3.996,0.295
2025-02-10 08:50:26,3.996,0.3
2025-02-10 08:52:40,3.996,0.295
2025-02-10 08:54:53,3.996,0.295
2025-02-10 08:57:45,3.996,0.297
2025-02-10 09:00:47,3.996,0.297
2025-02-10 09:03:45,3.996,0.3
2025-02-10 09:08:46,3.996,0.29
2025-02-10 09:11:31,3.996,0.3
2025-02-10 09:20:13,4.026,5.692
2025-02-10 09:21:02,4.022,5.274
2025-02-10 09:21:51,4.016,5.366
2025-02-10 09:22:41,4.016,5.259
2025-02-10 09:23:31,4.022,5.315
2025-02-10 09:24:20,4.016,5.412
2025-02-10 09:25:08,4.014,5.426
2025-02-10 09:25:59,4.016,5.569
2025-02-10 09:26:47,4.018,5.496
2025-02-10 09:27:39,4.018,5.346
2025-02-10 09:28:29,4.018,5.257
2025-02-10 09:29:17,4.018,5.267
2025-02-10 09:30:07,4.018,5.465
2025-02-10 09:30:54,4.02,5.293
2025-02-10 09:31:43,4.02,5.474
2025-02-10 09:32:35,4.018,5.317
2025-02-10 09:33:23,4.02,5.255
2025-02-10 09:34:13,4.02,5.286
2025-02-10 09:35:04,4.02,5.373
2025-02-10 09:35:51,4.018,5.569
2025-02-10 09:36:39,4.02,5.603
2025-02-10 09:37:27,4.022,5.455
2025-02-10 09:38:17,4.022,5.264
2025-02-10 09:39:09,4.02,5.291
2025-02-10 09:40:01,4.026,5.269
2025-02-10 09:40:47,4.024,5.639
2025-02-10 09:41:34,4.03,5.581
2025-02-10 09:42:30,4.026,5.346
2025-02-10 09:43:19,4.024,5.525
2025-02-10 09:44:09,4.024,5.3
2025-02-10 09:44:50,4.024,5.346
2025-02-10 09:45:42,4.022,5.431
2025-02-10 09:46:34,4.024,5.537
2025-02-10 09:47:18,4.026,5.641
2025-02-10 09:48:13,4.028,5.588
2025-02-10 09:48:58,4.026,5.271
2025-02-10 09:49:55,4.026,5.595
2025-02-10 09:50:42,4.026,5.276
2025-02-10 09:51:29,4.028,5.276
2025-02-10 09:52:17,4.024,5.315
2025-02-10 09:53:05,4.028,5.288
2025-02-10 09:53:55,4.028,5.627
2025-02-10 09:54:45,4.028,5.305
2025-02-10 09:55:36,4.03,5.291
2025-02-10 09:56:27,4.03,5.448
2025-02-10 09:57:20,4.03,5.305
2025-02-10 09:58:00,4.032,5.709
2025-02-10 09:58:54,4.03,5.334
2025-02-10 09:59:48,4.03,5.322
2025-02-10 10:00:30,4.034,5.322
2025-02-10 10:01:26,4.036,5.366
2025-02-10 10:02:09,4.04,5.748
2025-02-10 10:03:06,4.038,5.291
2025-02-10 10:03:50,4.036,5.296
2025-02-10 10:04:34,4.042,5.31
2025-02-10 10:05:33,4.042,5.305
2025-02-10 10:06:18,4.038,5.296
2025-02-10 10:07:04,4.04,5.721
2025-02-10 10:07:50,4.038,5.412
2025-02-10 10:08:52,4.04,5.356
2025-02-10 10:09:41,4.044,5.757
2025-02-10 10:10:31,4.044,5.313
2025-02-10 10:11:20,4.044,5.346
2025-02-10 10:12:08,4.044,5.332
2025-02-10 10:12:58,4.04,5.296
2025-02-10 10:13:48,4.044,5.303
2025-02-10 10:14:22,4.044,5.574
2025-02-10 10:15:13,4.046,5.32
2025-02-10 10:16:04,4.044,5.313
2025-02-10 10:16:56,4.048,5.322
2025-02-10 10:17:48,4.048,5.305
2025-02-10 10:18:40,4.052,5.849
2025-02-10 10:19:33,4.05,5.308
2025-02-10 10:20:09,4.048,5.752
2025-02-10 10:21:03,4.048,5.74
2025-02-10 10:21:57,4.05,5.3
2025-02-10 10:22:52,4.048,5.723
2025-02-10 10:23:30,4.05,5.564
2025-02-10 10:24:25,4.05,5.385
2025-02-10 10:25:03,4.048,5.315
2025-02-10 10:25:59,4.048,5.349
2025-02-10 10:26:56,4.05,5.743
2025-02-10 10:27:35,4.048,5.477
2025-02-10 10:28:33,4.054,5.308
2025-02-10 10:29:12,4.054,5.363
2025-02-10 10:30:11,4.054,5.378
2025-02-10 10:30:51,4.054,5.743
2025-02-10 10:31:50,4.054,5.474
2025-02-10 10:32:30,4.058,5.308
2025-02-10 10:33:31,4.058,5.334
2025-02-10 10:34:13,4.056,5.402
2025-02-10 10:34:54,4.06,5.687
2025-02-10 10:35:55,4.062,5.866
2025-02-10 10:36:37,4.066,5.363
2025-02-10 10:37:41,4.064,5.337
2025-02-10 10:38:23,4.064,5.416
2025-02-10 10:39:05,4.062,5.552
2025-02-10 10:40:09,4.064,5.342
2025-02-10 10:40:52,4.062,5.38
2025-02-10 10:41:36,4.064,5.327
2025-02-10 10:42:20,4.064,5.673
2025-02-10 10:43:25,4.068,5.789
2025-02-10 10:44:10,4.068,5.825
2025-02-10 10:44:54,4.068,5.325
2025-02-10 10:45:39,4.068,5.337
2025-02-10 10:46:24,4.068,5.334
2025-02-10 10:47:34,4.068,5.523
2025-02-10 10:48:22,4.068,5.629
2025-02-10 10:49:08,4.07,5.441
2025-02-10 10:49:55,4.068,5.462
2025-02-10 10:50:42,4.07,5.383
2025-02-10 10:51:28,4.07,5.516
2025-02-10 10:52:15,4.072,5.356
2025-02-10 10:53:02,4.07,5.412
2025-02-10 10:53:49,4.074,5.344
2025-02-10 10:54:37,4.074,5.559
2025-02-10 10:55:25,4.076,5.409
2025-02-10 10:56:36,4.076,5.67
2025-02-10 10:57:25,4.082,5.392
2025-02-10 10:58:13,4.08,5.342
2025-02-10 10:59:03,4.082,5.356
2025-02-10 10:59:52,4.082,5.772
2025-02-10 11:00:42,4.088,5.774
2025-02-10 11:01:32,4.088,5.354
2025-02-10 11:02:22,4.092,5.716
2025-02-10 11:02:48,4.09,5.358
2025-02-10 11:03:38,4.098,5.397
2025-02-10 11:04:29,4.1,5.685
2025-02-10 11:05:20,4.104,5.936
2025-02-10 11:06:12,4.104,5.361
2025-02-10 11:07:04,4.1,5.593
2025-02-10 11:07:55,4.102,5.496
2025-02-10 11:08:48,4.102,5.678
2025-02-10 11:09:41,4.104,5.612
2025-02-10 11:10:36,4.112,5.385
2025-02-10 11:11:03,4.114,5.484
2025-02-10 11:11:56,4.12,5.414
2025-02-10 11:12:49,4.128,5.412
2025-02-10 11:13:43,4.126,5.465
2025-02-10 11:14:37,4.132,5.893
2025-02-10 11:15:31,4.138,5.499
2025-02-10 11:15:58,4.146,5.511
2025-02-10 11:16:55,4.152,5.455
2025-02-10 11:17:52,4.154,6.064
2025-02-10 11:18:49,4.164,5.484
2025-02-10 11:19:18,4.176,5.477
2025-02-10 11:20:16,4.168,5.467
2025-02-10 11:21:14,4.166,6.543
2025-02-10 11:21:43,4.168,6.47
2025-02-10 11:22:41,4.136,6.992
2025-02-10 11:23:38,4.13,7.048
2025-02-10 11:24:08,4.126,7.033
2025-02-10 11:25:05,4.124,7.031
2025-02-10 11:26:05,4.12,7.055
2025-02-10 11:27:03,4.118,7.118
2025-02-10 11:27:33,4.116,7.06
2025-02-10 11:28:32,4.114,7.077
2025-02-10 11:29:31,4.112,7.091
2025-02-10 11:30:00,4.11,7.082
2025-02-10 11:31:01,4.108,7.021
2025-02-10 11:31:30,4.108,6.963
2025-02-10 11:32:29,4.106,6.966
2025-02-10 11:33:28,4.106,6.939
2025-02-10 11:33:59,4.104,6.85
2025-02-10 11:34:58,4.102,6.988
2025-02-10 11:35:57,4.102,6.942
2025-02-10 11:36:27,4.1,6.959
2025-02-10 11:37:27,4.1,6.925
2025-02-10 11:38:34,4.098,6.92
2025-02-10 11:39:07,4.098,6.591
2025-02-10 11:40:32,4.096,6.843
2025-02-10 11:41:20,4.096,6.775
2025-02-10 11:42:12,4.094,6.956
2025-02-10 11:43:07,4.094,6.884
2025-02-10 11:44:00,4.094,6.886
2025-02-10 11:44:53,4.092,6.978
2025-02-10 11:45:27,4.092,6.942
2025-02-10 11:46:16,4.09,6.794
2025-02-10 11:47:05,4.09,6.884
2025-02-10 11:47:56,4.09,6.826
2025-02-10 11:48:46,4.09,6.903
2025-02-10 11:49:35,4.088,6.884
2025-02-10 11:50:22,4.088,6.908
2025-02-10 11:51:11,4.088,6.898
2025-02-10 11:52:02,4.088,6.855
2025-02-10 11:52:51,4.088,6.668
2025-02-10 11:53:42,4.086,6.739
2025-02-10 11:54:30,4.086,6.908
2025-02-10 11:55:21,4.086,6.867
2025-02-10 11:56:06,4.084,6.893
2025-02-10 11:57:01,4.084,6.843
2025-02-10 11:57:51,4.084,6.828
2025-02-10 11:58:34,4.084,6.828
2025-02-10 11:59:26,4.082,6.816
2025-02-10 12:00:12,4.082,6.801
2025-02-10 12:01:08,4.082,6.772
2025-02-10 12:01:58,4.08,6.751
2025-02-10 12:02:40,4.08,6.739
2025-02-10 12:03:32,4.08,6.748
2025-02-10 12:04:25,4.08,6.76
2025-02-10 12:05:11,4.08,6.784
2025-02-10 12:05:57,4.08,6.792
2025-02-10 12:06:55,4.078,6.794
2025-02-10 12:07:45,4.078,6.823
2025-02-10 12:08:26,4.078,6.821
2025-02-10 12:09:18,4.078,6.828
2025-02-10 12:10:04,4.078,6.845
2025-02-10 12:10:59,4.076,6.85
2025-02-10 12:11:44,4.076,6.881
2025-02-10 12:12:40,4.076,6.901
2025-02-10 12:13:25,4.076,6.898
2025-02-10 12:14:11,4.074,6.896
2025-02-10 12:15:08,4.074,6.91
2025-02-10 12:15:56,4.074,6.903
2025-02-10 12:16:43,4.074,6.884
2025-02-10 12:17:32,4.072,6.859
2025-02-10 12:18:22,4.072,6.845
2025-02-10 12:19:12,4.072,6.881
2025-02-10 12:20:03,4.072,6.896
2025-02-10 12:20:54,4.072,6.901
2025-02-10 12:21:33,4.072,6.898
2025-02-10 12:22:27,4.07,6.879
2025-02-10 12:23:21,4.07,6.893
2025-02-10 12:24:01,4.07,6.905
2025-02-10 12:24:57,4.07,6.903
2025-02-10 12:25:39,4.07,6.901
2025-02-10 12:26:35,4.07,6.893
2025-02-10 12:27:18,4.068,6.905
2025-02-10 12:28:16,4.068,6.93
2025-02-10 12:29:00,4.068,6.946
2025-02-10 12:29:44,4.068,6.975
2025-02-10 12:30:44,4.068,6.966
2025-02-10 12:31:30,4.066,6.98
2025-02-10 12:32:17,4.066,6.971
2025-02-10 12:33:03,4.066,6.949
2025-02-10 12:33:51,4.066,6.927
2025-02-10 12:34:54,4.066,6.932
2025-02-10 12:35:44,4.066,6.855
2025-02-10 12:36:32,4.064,6.78
2025-02-10 12:37:21,4.064,6.872
2025-02-10 12:38:11,4.064,6.806
2025-02-10 12:39:01,4.064,6.954
2025-02-10 12:39:35,4.064,6.934
2025-02-10 12:40:26,4.062,6.838
2025-02-10 12:41:18,4.064,7.004
2025-02-10 12:42:10,4.062,7.029
2025-02-10 12:43:02,4.062,7.099
2025-02-10 12:43:55,4.062,7.217
2025-02-10 12:44:31,4.06,7.14
2025-02-10 12:45:25,4.06,7.082
2025-02-10 12:46:19,4.06,7.048
2025-02-10 12:47:13,4.06,7.017
2025-02-10 12:47:51,4.06,6.809
2025-02-10 12:48:46,4.06,6.792
2025-02-10 12:49:42,4.06,6.804
2025-02-10 12:50:20,4.06,6.92
2025-02-10 12:51:19,4.058,6.975
2025-02-10 12:51:57,4.06,7.13
2025-02-10 12:52:55,4.058,6.975
2025-02-10 12:53:34,4.058,7.13
2025-02-10 12:54:32,4.058,7.099
2025-02-10 12:55:12,4.058,7.118
2025-02-10 12:56:11,4.058,7.089
2025-02-10 12:56:51,4.058,6.925
2025-02-10 12:57:52,4.058,7.038
2025-02-10 12:58:33,4.058,6.859
2025-02-10 12:59:34,4.09,5.378
2025-02-10 13:00:15,4.092,5.881
2025-02-10 13:00:57,4.096,5.39
2025-02-10 13:01:59,4.096,5.412
2025-02-10 13:02:42,4.094,5.68
2025-02-10 13:03:24,4.096,5.489
2025-02-10 13:04:27,4.098,5.39
2025-02-10 13:05:10,4.098,5.75
2025-02-10 13:05:53,4.102,5.499
2025-02-10 13:06:58,4.11,5.528
2025-02-10 13:07:42,4.112,5.407
2025-02-10 13:08:26,4.116,5.697
2025-02-10 13:09:10,4.122,5.421
2025-02-10 13:09:57,4.126,5.653
2025-02-10 13:11:04,4.134,5.941
2025-02-10 13:11:49,4.146,5.431
2025-02-10 13:12:35,4.154,5.453
2025-02-10 13:13:21,4.156,6.903
2025-02-10 13:14:07,4.156,6.971
2025-02-10 13:14:53,4.16,6.821
2025-02-10 13:16:02,4.166,6.49
2025-02-10 13:16:49,4.164,6.859
2025-02-10 13:17:36,4.136,7.137
2025-02-10 13:18:24,4.132,7.012
2025-02-10 13:19:11,4.13,7.055
2025-02-10 13:19:58,4.126,7.014
2025-02-10 13:20:47,4.124,6.997
2025-02-10 13:21:35,4.122,6.966
2025-02-10 13:22:23,4.12,7.048
2025-02-10 13:23:12,4.12,7.055
2025-02-10 13:24:01,4.118,7.033
2025-02-10 13:24:51,4.116,7.029
2025-02-10 13:25:40,4.114,7.004
2025-02-10 13:26:30,4.114,7.043
2025-02-10 13:27:20,4.112,7.024
2025-02-10 13:28:10,4.112,7.043
2025-02-10 13:29:01,4.11,7.062
2025-02-10 13:29:53,4.108,7.087
2025-02-10 13:30:46,4.108,7.249
2025-02-10 13:31:38,4.106,7.048
2025-02-10 13:32:06,4.106,7.111
2025-02-10 13:33:01,4.106,7.067
2025-02-10 13:33:56,4.104,6.992
2025-02-10 13:34:49,4.104,7.031
2025-02-10 13:35:43,4.102,6.995
2025-02-10 13:36:36,4.102,6.988
2025-02-10 13:37:02,4.102,6.968
2025-02-10 13:37:56,4.1,6.932
2025-02-10 13:38:50,4.1,6.901
2025-02-10 13:39:43,4.098,6.898
2025-02-10 13:40:37,4.098,6.915
2025-02-10 13:41:32,4.098,6.917
2025-02-10 13:42:00,4.096,6.932
2025-02-10 13:42:55,4.096,6.966
2025-02-10 13:43:50,4.094,6.966
2025-02-10 13:44:45,4.094,6.983
2025-02-10 13:45:13,4.094,6.966
2025-02-10 13:46:08,4.092,6.956
2025-02-10 13:47:04,4.092,6.939
2025-02-10 13:48:01,4.092,6.932
2025-02-10 13:48:30,4.09,6.956
2025-02-10 13:49:27,4.09,6.946
2025-02-10 13:50:24,4.09,6.937
2025-02-10 13:51:21,4.088,6.93
2025-02-10 13:51:50,4.088,6.905
2025-02-10 13:52:47,4.088,6.886
2025-02-10 13:53:46,4.088,6.874
2025-02-10 13:54:15,4.086,6.872
2025-02-10 13:55:14,4.086,6.864
2025-02-10 13:56:13,4.086,6.869
2025-02-10 13:56:42,4.084,6.876
2025-02-10 13:57:41,4.084,6.872
2025-02-10 13:58:41,4.084,6.886
2025-02-10 13:59:11,4.084,6.913
2025-02-10 14:00:11,4.082,6.925
2025-02-10 14:01:11,4.082,6.942
2025-02-10 14:01:41,4.082,6.973
2025-02-10 14:02:42,4.08,7.0
2025-02-10 14:03:42,4.08,7.024
2025-02-10 14:04:13,4.08,7.038
2025-02-10 14:05:15,4.08,7.033
2025-02-10 14:05:46,4.08,7.026
2025-02-10 14:06:48,4.078,7.021
2025-02-10 14:07:49,4.078,7.026
2025-02-10 14:08:21,4.078,7.004
2025-02-10 14:09:23,4.078,6.988
2025-02-10 14:09:58,4.076,6.973
2025-02-10 14:11:03,4.076,6.946
2025-02-10 14:11:35,4.076,6.922
2025-02-10 14:12:38,4.076,6.896
2025-02-10 14:13:11,4.076,6.876
2025-02-10 14:14:14,4.074,6.859
2025-02-10 14:14:46,4.074,6.845
2025-02-10 14:15:50,4.074,6.843
2025-02-10 14:16:23,4.074,6.857
2025-02-10 14:17:28,4.072,6.862
2025-02-10 14:18:32,4.072,6.855
2025-02-10 14:19:05,4.072,6.847
2025-02-10 14:20:10,4.072,6.845
2025-02-10 14:20:43,4.072,6.862
2025-02-10 14:21:49,4.07,6.879
2025-02-10 14:22:22,4.07,6.893
2025-02-10 14:23:28,4.07,6.905
2025-02-10 14:24:02,4.07,6.898
2025-02-10 14:24:35,4.07,6.905
2025-02-10 14:25:42,4.07,6.905
2025-02-10 14:26:16,4.068,6.903
2025-02-10 14:27:23,4.068,6.91
2025-02-10 14:27:57,4.068,6.913
2025-02-10 14:29:05,4.068,6.934
2025-02-10 14:29:39,4.068,6.946
2025-02-10 14:30:47,4.066,6.954
2025-02-10 14:31:22,4.066,6.956
2025-02-10 14:32:31,4.066,6.956
2025-02-10 14:33:06,4.066,6.961
2025-02-10 14:33:42,4.066,6.937
2025-02-10 14:34:51,4.066,6.922
2025-02-10 14:35:26,4.066,6.91
2025-02-10 14:36:36,4.064,6.937
2025-02-10 14:37:13,4.064,6.91
2025-02-10 14:37:50,4.064,6.942
2025-02-10 14:39:03,4.064,6.93
2025-02-10 14:39:41,4.064,6.927
2025-02-10 14:40:18,4.064,6.942
2025-02-10 14:41:31,4.062,6.905
2025-02-10 14:42:07,4.062,6.903
2025-02-10 14:42:43,4.062,6.896
2025-02-10 14:43:54,4.062,6.891
2025-02-10 14:44:30,4.062,6.876
2025-02-10 14:45:06,4.062,6.872
2025-02-10 14:46:18,4.062,6.874
2025-02-10 14:46:55,4.06,6.874
2025-02-10 14:48:07,4.06,6.869
2025-02-10 14:48:43,4.06,6.859
2025-02-10 14:49:20,4.06,6.867
2025-02-10 14:50:33,4.06,6.881
2025-02-10 14:51:11,4.06,6.886
2025-02-10 14:51:47,4.058,6.901
2025-02-10 14:53:01,4.058,6.932
2025-02-10 14:53:38,4.058,6.903
2025-02-10 14:54:16,4.058,6.901
2025-02-10 14:55:30,4.058,6.949
2025-02-10 14:56:08,4.058,6.942
2025-02-10 14:56:46,4.058,6.956
2025-02-10 14:58:00,4.058,6.961
2025-02-10 14:58:39,4.056,7.009
2025-02-10 14:59:18,4.056,6.985
2025-02-10 14:59:56,4.056,6.92
2025-02-10 15:01:12,4.056,6.93
2025-02-10 15:01:50,4.056,6.901
2025-02-10 15:02:29,4.056,6.905
2025-02-10 15:03:45,4.056,6.886
2025-02-10 15:04:24,4.074,5.62
2025-02-10 15:05:04,4.074,5.532
2025-02-10 15:05:42,4.078,5.421
2025-02-10 15:07:00,4.084,5.424
2025-02-10 15:07:39,4.084,5.421
2025-02-10 15:08:19,4.082,5.375
2025-02-10 15:08:58,4.082,5.545
2025-02-10 15:10:19,4.086,5.453
2025-02-10 15:11:01,4.086,5.349
2025-02-10 15:11:41,4.086,5.586
2025-02-10 15:12:20,4.086,5.571
2025-02-10 15:13:00,4.088,5.39
2025-02-10 15:14:19,4.086,5.373
2025-02-10 15:14:59,4.09,5.426
2025-02-10 15:15:40,4.09,5.387
2025-02-10 15:16:20,4.092,5.429
2025-02-10 15:17:41,4.094,5.52
2025-02-10 15:18:21,4.094,5.593
2025-02-10 15:19:02,4.098,5.383
2025-02-10 15:19:42,4.1,5.402
2025-02-10 15:20:23,4.104,5.484
2025-02-10 15:21:44,4.106,5.523
2025-02-10 15:22:25,4.116,5.499
2025-02-10 15:23:06,4.116,5.455
2025-02-10 15:23:47,4.126,5.414
2025-02-10 15:25:10,4.132,5.479
2025-02-10 15:25:51,4.138,5.416
2025-02-10 15:26:33,4.156,5.453
2025-02-10 15:27:15,4.17,5.472
2025-02-10 15:27:56,4.156,5.448
2025-02-10 15:28:38,4.164,5.939
2025-02-10 15:30:01,4.166,5.61
2025-02-10 15:30:43,4.17,6.27
2025-02-10 15:31:26,4.138,7.004
2025-02-10 15:32:13,4.134,6.961
2025-02-10 15:32:55,4.13,6.93
2025-02-10 15:33:39,4.128,6.864
2025-02-10 15:34:22,4.126,6.743
2025-02-10 15:35:46,4.124,6.741
2025-02-10 15:36:29,4.122,6.741
2025-02-10 15:37:13,4.12,6.724
2025-02-10 15:37:55,4.118,6.731
2025-02-10 15:38:39,4.116,6.78
2025-02-10 15:39:22,4.116,6.811
2025-02-10 15:40:05,4.114,6.859
2025-02-10 15:41:31,4.112,6.98
2025-02-10 15:42:15,4.112,6.942
2025-02-10 15:42:58,4.11,6.942
2025-02-10 15:43:41,4.11,6.949
2025-02-10 15:44:26,4.108,6.954
2025-02-10 15:45:12,4.106,6.946
2025-02-10 15:45:57,4.106,6.961
2025-02-10 15:46:43,4.104,6.988
2025-02-10 15:47:29,4.104,6.93
2025-02-10 15:48:59,4.104,7.072
2025-02-10 15:49:46,4.102,7.152
2025-02-10 15:50:31,4.102,7.135
2025-02-10 15:51:15,4.1,7.096
2025-02-10 15:51:59,4.1,7.089
2025-02-10 15:52:44,4.1,7.038
2025-02-10 15:53:29,4.098,7.043
2025-02-10 15:54:14,4.098,6.852
2025-02-10 15:54:59,4.096,7.113
2025-02-10 15:55:44,4.096,7.118
2025-02-10 15:56:29,4.096,7.089
2025-02-10 15:57:59,4.096,7.058
2025-02-10 15:58:45,4.094,7.05
2025-02-10 15:59:30,4.094,6.98
2025-02-10 16:00:16,4.094,7.012
2025-02-10 16:01:01,4.092,6.717
2025-02-10 16:01:47,4.092,6.485
2025-02-10 16:02:32,4.092,6.676
2025-02-10 16:03:18,4.092,6.811
2025-02-10 16:04:04,4.09,6.722
2025-02-10 16:04:49,4.09,6.801
2025-02-10 16:05:36,4.09,6.789
2025-02-10 16:06:22,4.09,6.736
2025-02-10 16:07:54,4.088,6.794
2025-02-10 16:08:42,4.088,6.859
2025-02-10 16:09:30,4.088,6.92
2025-02-10 16:10:21,4.086,6.908
2025-02-10 16:11:10,4.086,6.997
2025-02-10 16:11:57,4.086,7.036
2025-02-10 16:12:45,4.084,6.99
2025-02-10 16:13:32,4.084,6.978
2025-02-10 16:14:19,4.084,7.048
2025-02-10 16:15:06,4.084,7.048
2025-02-10 16:15:54,4.082,7.058
2025-02-10 16:16:41,4.082,7.021
2025-02-10 16:17:29,4.082,6.963
2025-02-10 16:18:16,4.082,6.968
2025-02-10 16:19:04,4.08,7.036
2025-02-10 16:19:53,4.08,7.014
2025-02-10 16:20:41,4.08,6.966
2025-02-10 16:21:30,4.08,6.966
2025-02-10 16:22:18,4.078,7.012
2025-02-10 16:23:13,4.078,6.925
2025-02-10 16:24:02,4.078,6.937
2025-02-10 16:24:50,4.078,6.77
2025-02-10 16:25:39,4.078,6.586
2025-02-10 16:26:28,4.078,6.867
2025-02-10 16:27:16,4.076,6.739
2025-02-10 16:28:05,4.076,6.888
2025-02-10 16:28:54,4.076,6.978
2025-02-10 16:29:43,4.074,6.92
2025-02-10 16:30:32,4.074,6.888
2025-02-10 16:31:21,4.074,6.966
2025-02-10 16:32:11,4.074,6.956
2025-02-10 16:33:00,4.074,6.915
2025-02-10 16:33:51,4.074,6.881
2025-02-10 16:34:40,4.074,6.826
2025-02-10 16:35:31,4.072,6.613
2025-02-10 16:36:20,4.074,6.468
2025-02-10 16:37:10,4.072,6.613
2025-02-10 16:38:00,4.072,6.922
2025-02-10 16:38:50,4.072,6.874
2025-02-10 16:39:40,4.072,6.758
2025-02-10 16:40:30,4.07,6.901
2025-02-10 16:41:20,4.07,6.881
2025-02-10 16:42:10,4.07,6.801
2025-02-10 16:43:00,4.07,6.717
2025-02-10 16:43:51,4.068,6.944
2025-02-10 16:44:42,4.068,6.864
2025-02-10 16:45:33,4.068,6.801
2025-02-10 16:46:23,4.068,6.589
2025-02-10 16:47:14,4.066,6.884
2025-02-10 16:48:05,4.066,6.753
2025-02-10 16:48:56,4.066,6.497
2025-02-10 16:49:46,4.066,6.468
2025-02-10 16:50:38,4.066,6.371
2025-02-10 16:51:29,4.066,6.383
2025-02-10 16:52:23,4.066,6.313
2025-02-10 16:53:16,4.066,6.185
2025-02-10 16:54:10,4.064,6.173
2025-02-10 16:55:04,4.064,6.134
2025-02-10 16:55:59,4.066,5.373
2025-02-10 16:56:51,4.066,5.366
2025-02-10 16:57:45,4.068,5.339
2025-02-10 16:58:37,4.066,5.375
2025-02-10 16:59:29,4.068,5.325
2025-02-10 17:00:22,4.068,5.327
2025-02-10 17:01:14,4.068,5.356
2025-02-10 17:02:07,4.068,5.356
2025-02-10 17:02:59,4.068,5.383
2025-02-10 17:03:52,4.068,5.39
2025-02-10 17:04:45,4.068,5.383
2025-02-10 17:05:39,4.068,5.361
2025-02-10 17:06:32,4.068,5.378
2025-02-10 17:07:25,4.068,5.375
2025-02-10 17:08:19,4.068,5.356
2025-02-10 17:09:12,4.068,5.346
2025-02-10 17:10:06,4.068,5.373
2025-02-10 17:11:02,4.068,5.339
2025-02-10 17:11:56,4.068,5.371
2025-02-10 17:12:50,4.068,5.322
2025-02-10 17:13:43,4.068,5.368
2025-02-10 17:14:37,4.066,5.322
2025-02-10 17:15:31,4.068,5.325
2025-02-10 17:16:24,4.068,5.32
2025-02-10 17:17:19,4.066,5.32
2025-02-10 17:18:12,4.066,5.371
2025-02-10 17:19:07,4.066,5.351
2025-02-10 17:20:02,4.066,5.32
2025-02-10 17:20:58,4.066,5.317
2025-02-10 17:21:52,4.066,5.351
2025-02-10 17:22:47,4.066,5.315
2025-02-10 17:23:42,4.066,5.325
2025-02-10 17:24:36,4.064,5.354
2025-02-10 17:25:31,4.064,5.358
2025-02-10 17:26:27,4.064,5.325
2025-02-10 17:27:22,4.064,5.327
2025-02-10 17:28:17,4.064,5.32
2025-02-10 17:29:13,4.064,5.361
2025-02-10 17:30:08,4.064,5.339
2025-02-10 17:31:04,4.064,5.349
2025-02-10 17:32:00,4.064,5.351
2025-02-10 17:32:56,4.062,5.31
2025-02-10 17:33:54,4.064,5.31
2025-02-10 17:34:50,4.062,5.305
2025-02-10 17:35:46,4.062,5.305
2025-02-10 17:36:42,4.062,5.342
2025-02-10 17:37:39,4.062,5.308
2025-02-10 17:38:36,4.062,5.308
2025-02-10 17:39:32,4.062,5.3
2025-02-10 17:40:29,4.06,5.31
2025-02-10 17:41:26,4.06,5.327
2025-02-10 17:42:22,4.06,5.337
2025-02-10 17:43:19,4.06,5.298
2025-02-10 17:44:16,4.06,5.303
2025-02-10 17:45:13,4.058,5.313
2025-02-10 17:46:20,4.058,5.32
2025-02-10 17:47:24,4.058,5.308
2025-02-10 17:48:23,4.058,5.325
2025-02-10 17:49:22,4.058,5.313
2025-02-10 17:50:22,4.058,5.322
2025-02-10 17:51:22,4.058,5.308
2025-02-10 17:52:34,4.058,5.315
2025-02-10 17:53:32,4.056,5.3
2025-02-10 17:54:31,4.056,5.317
2025-02-10 17:55:32,4.056,5.315
2025-02-10 17:56:35,4.056,5.296
2025-02-10 17:57:36,4.054,5.3
2025-02-10 17:58:37,4.056,5.286
2025-02-10 17:59:38,4.054,5.31
2025-02-10 18:00:40,4.054,5.286
2025-02-10 18:01:40,4.054,5.24
2025-02-10 18:02:39,4.054,5.197
2025-02-10 18:03:38,4.052,5.143
2025-02-10 18:04:36,4.052,5.083
2025-02-10 18:05:36,4.052,5.013
2025-02-10 18:06:35,4.052,4.94
2025-02-10 18:07:34,4.052,4.836
2025-02-10 18:08:34,4.052,4.725
2025-02-10 18:09:38,4.052,4.614
2025-02-10 18:10:40,4.052,4.493
2025-02-10 18:11:43,4.05,4.382
2025-02-10 18:12:45,4.05,4.278
2025-02-10 18:13:46,4.05,4.167
2025-02-10 18:14:46,4.05,4.034
2025-02-10 18:15:46,4.05,3.901
2025-02-10 18:16:46,4.05,3.792
2025-02-10 18:17:46,4.05,3.713
2025-02-10 18:18:47,4.05,3.633
2025-02-10 18:19:47,4.05,3.541
2025-02-10 18:20:49,4.05,3.451
2025-02-10 18:21:52,4.048,3.352
2025-02-10 18:22:53,4.048,3.251
2025-02-10 18:23:54,4.048,3.154
2025-02-10 18:24:55,4.048,3.055
2025-02-10 18:25:56,4.048,2.941
2025-02-10 18:26:58,4.048,2.823
2025-02-10 18:27:59,4.048,2.714
2025-02-10 18:29:00,4.048,2.598
2025-02-10 18:30:02,4.048,2.49
2025-02-10 18:31:05,4.046,2.366
2025-02-10 18:32:07,4.046,2.233
2025-02-10 18:33:08,4.046,2.083
2025-02-10 18:34:13,4.046,1.946
2025-02-10 18:35:15,4.046,1.825
2025-02-10 18:36:18,4.046,1.697
2025-02-10 18:37:21,4.046,1.573
2025-02-10 18:38:24,4.046,1.438
2025-02-10 18:39:26,4.044,1.3
2025-02-10 18:40:29,4.044,1.158
2025-02-10 18:41:33,4.044,1.013
2025-02-10 18:42:35,4.044,0.88
2025-02-10 18:43:39,4.044,0.744
2025-02-10 18:44:42,4.044,0.621
2025-02-10 18:45:45,4.044,0.51
2025-02-10 18:46:48,4.044,0.425
2025-02-10 18:47:53,4.044,0.387
2025-02-10 18:48:56,4.044,0.358
2025-02-10 18:49:59,4.044,0.353
2025-02-10 18:51:03,4.044,0.341
2025-02-10 18:52:07,4.044,0.338
2025-02-10 18:53:11,4.042,0.334
2025-02-10 18:54:16,4.042,0.326
2025-02-10 18:55:19,4.042,0.331
2025-02-10 18:56:24,4.042,0.329
2025-02-10 18:57:28,4.042,0.324
2025-02-10 18:58:33,4.042,0.324
2025-02-10 18:59:37,4.042,0.326
2025-02-10 19:00:44,4.04,0.319
2025-02-10 19:01:50,4.042,0.319
2025-02-10 19:02:56,4.042,0.321
2025-02-10 19:04:01,4.04,0.317
2025-02-10 19:05:10,4.04,0.317
2025-02-10 19:06:20,4.04,0.319
2025-02-10 19:07:30,4.04,0.317
2025-02-10 19:08:37,4.04,0.317
2025-02-10 19:09:46,4.04,0.321
2025-02-10 19:10:54,4.04,0.314
2025-02-10 19:12:00,4.04,0.317
2025-02-10 19:13:06,4.04,0.312
2025-02-10 19:14:12,4.04,0.314
2025-02-10 19:15:17,4.038,0.319
2025-02-10 19:16:24,4.04,0.319
2025-02-10 19:17:30,4.038,0.317
2025-02-10 19:18:37,4.038,0.317
2025-02-10 19:19:44,4.038,0.312
2025-02-10 19:20:51,4.038,0.309
2025-02-10 19:21:57,4.038,0.314
2025-02-10 19:23:04,4.038,0.309
2025-02-10 19:24:12,4.038,0.314
2025-02-10 19:25:18,4.038,0.317
2025-02-10 19:26:25,4.038,0.319
2025-02-10 19:27:32,4.038,0.309
2025-02-10 19:28:40,4.036,0.312
2025-02-10 19:29:47,4.036,0.317
2025-02-10 19:30:56,4.036,0.312
2025-02-10 19:32:04,4.036,0.312
2025-02-10 19:33:12,4.036,0.312
2025-02-10 19:34:21,4.036,0.309
2025-02-10 19:35:29,4.036,0.309
2025-02-10 19:36:37,4.036,0.317
2025-02-10 19:37:46,4.036,0.309
2025-02-10 19:38:54,4.034,0.317
2025-02-10 19:40:03,4.036,0.317
2025-02-10 19:41:12,4.036,0.317
2025-02-10 19:42:22,4.034,0.312
2025-02-10 19:43:30,4.034,0.319
2025-02-10 19:44:40,4.034,0.317
2025-02-10 19:45:49,4.034,0.309
2025-02-10 19:46:57,4.034,0.319
2025-02-10 19:48:07,4.034,0.317
2025-02-10 19:49:17,4.034,0.314
2025-02-10 19:50:26,4.034,0.312
2025-02-10 19:51:36,4.034,0.312
2025-02-10 19:52:46,4.034,0.317
2025-02-10 19:53:55,4.034,0.321
2025-02-10 19:55:05,4.034,0.314
2025-02-10 19:56:15,4.032,0.317
2025-02-10 19:57:25,4.032,0.317
2025-02-10 19:58:35,4.032,0.312
2025-02-10 19:59:45,4.032,0.319
2025-02-10 20:00:57,4.032,0.312
2025-02-10 20:02:08,4.032,0.314
2025-02-10 20:03:18,4.032,0.317
2025-02-10 20:04:28,4.032,0.317
2025-02-10 20:05:40,4.032,0.317
2025-02-10 20:06:50,4.032,0.317
2025-02-10 20:08:02,4.032,0.317
2025-02-10 20:09:14,4.032,0.317
2025-02-10 20:10:30,4.032,0.312
2025-02-10 20:11:51,4.032,0.317
2025-02-10 20:13:10,4.032,0.312
2025-02-10 20:14:25,4.032,0.317
2025-02-10 20:15:39,4.032,0.314
2025-02-10 20:16:53,4.032,0.321
2025-02-10 20:18:05,4.032,0.314
2025-02-10 20:19:17,4.032,0.312
2025-02-10 20:20:30,4.03,0.317
2025-02-10 20:21:45,4.032,0.317
2025-02-10 20:22:59,4.032,0.317
2025-02-10 20:24:12,4.03,0.317
2025-02-10 20:25:24,4.03,0.312
2025-02-10 20:26:37,4.03,0.317
2025-02-10 20:27:50,4.03,0.317
2025-02-10 20:29:03,4.03,0.312
2025-02-10 20:30:16,4.03,0.314
2025-02-10 20:31:29,4.03,0.312
2025-02-10 20:32:43,4.03,0.317
2025-02-10 20:33:58,4.03,0.317
2025-02-10 20:35:12,4.03,0.319
2025-02-10 20:36:27,4.03,0.317
2025-02-10 20:37:41,4.03,0.319
2025-02-10 20:38:56,4.028,0.317
2025-02-10 20:40:12,4.03,0.314
2025-02-10 20:41:27,4.028,0.317
2025-02-10 20:42:44,4.028,0.319
2025-02-10 20:44:06,4.028,0.319
2025-02-10 20:45:25,4.028,0.319
2025-02-10 20:46:46,4.028,0.317
2025-02-10 20:48:13,4.028,0.309
2025-02-10 20:49:28,4.028,0.317
2025-02-10 20:50:43,4.028,0.317
2025-02-10 20:54:32,4.028,0.309
2025-02-10 20:57:56,4.028,0.314
2025-02-10 21:00:02,4.028,0.312
2025-02-10 21:07:39,4.028,0.317
2025-02-10 21:12:20,4.028,0.309
2025-02-10 21:14:21,4.028,0.314
2025-02-10 21:15:37,4.026,0.312
2025-02-10 21:16:55,4.026,0.317
2025-02-10 21:18:11,4.026,0.312
2025-02-10 21:19:28,4.026,0.314
2025-02-10 21:20:44,4.026,0.317
2025-02-10 21:21:59,4.026,0.312
2025-02-10 21:23:16,4.026,0.317
2025-02-10 21:24:32,4.026,0.309
2025-02-10 21:25:48,4.026,0.317
2025-02-10 21:27:04,4.026,0.312
2025-02-10 21:28:21,4.026,0.314
2025-02-10 21:29:38,4.026,0.309
2025-02-10 21:30:55,4.026,0.312
2025-02-10 21:32:13,4.026,0.317
2025-02-10 21:33:30,4.026,0.312
2025-02-10 21:34:49,4.026,0.314
2025-02-10 21:36:08,4.026,0.317
2025-02-10 21:37:28,4.026,0.312
2025-02-10 21:38:46,4.024,0.312
2025-02-10 21:40:04,4.024,0.312
2025-02-10 21:41:23,4.024,0.309
2025-02-10 21:42:41,4.024,0.309
2025-02-10 21:44:00,4.024,0.317
2025-02-10 21:45:18,4.024,0.312
2025-02-10 21:46:37,4.024,0.312
2025-02-10 21:47:56,4.024,0.314
2025-02-10 21:49:14,4.024,0.317
2025-02-10 21:50:33,4.024,0.314
2025-02-10 21:51:52,4.024,0.312
2025-02-10 21:53:11,4.024,0.312
2025-02-10 21:54:30,4.024,0.309
2025-02-10 21:55:49,4.024,0.314
2025-02-10 21:57:08,4.024,0.307
2025-02-10 21:58:29,4.024,0.307
2025-02-10 21:59:48,4.024,0.312
2025-02-10 22:01:08,4.022,0.305
2025-02-10 22:02:28,4.022,0.312
2025-02-10 22:03:47,4.022,0.314
2025-02-10 22:05:07,4.022,0.309
2025-02-10 22:06:29,4.022,0.309
2025-02-10 22:07:49,4.022,0.314
2025-02-10 22:09:10,4.022,0.317
2025-02-10 22:10:40,4.022,0.312
2025-02-10 22:12:07,4.022,0.321
2025-02-10 22:13:32,4.022,0.309
2025-02-10 22:14:53,4.022,0.317
2025-02-10 22:16:14,4.022,0.317
2025-02-10 22:17:35,4.022,0.312
2025-02-10 22:18:56,4.022,0.314
2025-02-10 22:20:18,4.022,0.307
2025-02-10 22:21:43,4.022,0.314
2025-02-10 22:23:07,4.022,0.314
2025-02-10 22:24:34,4.022,0.309
2025-02-10 22:26:01,4.022,0.314
2025-02-10 22:27:27,4.022,0.317
2025-02-10 22:28:49,4.022,0.317
2025-02-10 22:30:11,4.022,0.314
2025-02-10 22:31:34,4.022,0.314
2025-02-10 22:32:56,4.022,0.312
2025-02-10 22:34:20,4.022,0.312
2025-02-10 22:35:42,4.022,0.309
2025-02-10 22:37:05,4.02,0.312
2025-02-10 22:38:29,4.022,0.314
2025-02-10 22:39:53,4.022,0.314
2025-02-10 22:41:17,4.02,0.312
2025-02-10 22:42:41,4.02,0.312
2025-02-10 22:44:08,4.02,0.314
2025-02-10 22:45:33,4.02,0.317
2025-02-10 22:47:00,4.02,0.317
2025-02-10 22:48:25,4.02,0.314
2025-02-10 22:49:49,4.02,0.309
2025-02-10 22:51:14,4.02,0.319
2025-02-10 22:52:38,4.02,0.307
2025-02-10 22:54:04,4.02,0.314
2025-02-10 22:55:29,4.02,0.307
2025-02-10 22:56:54,4.02,0.312
2025-02-10 22:58:20,4.02,0.317
2025-02-10 22:59:45,4.02,0.312
2025-02-10 23:01:12,4.02,0.317
2025-02-10 23:02:37,4.02,0.312
2025-02-10 23:04:03,4.02,0.312
2025-02-10 23:05:29,4.02,0.312
2025-02-10 23:06:57,4.018,0.309
2025-02-10 23:08:23,4.018,0.317
2025-02-10 23:09:54,4.018,0.312
2025-02-10 23:11:26,4.018,0.305
2025-02-10 23:12:53,4.018,0.307
2025-02-10 23:14:20,4.018,0.314
2025-02-10 23:15:47,4.018,0.312
2025-02-10 23:17:13,4.018,0.309
2025-02-10 23:18:41,4.018,0.312
2025-02-10 23:20:09,4.018,0.309
2025-02-10 23:21:36,4.018,0.312
2025-02-10 23:23:04,4.018,0.317
2025-02-10 23:24:32,4.018,0.309
2025-02-10 23:25:59,4.018,0.312
2025-02-10 23:27:26,4.018,0.309
2025-02-10 23:28:55,4.018,0.309
2025-02-10 23:30:29,4.018,0.317
2025-02-10 23:32:01,4.018,0.317
2025-02-10 23:33:32,4.016,0.309
2025-02-10 23:35:06,4.018,0.312
2025-02-10 23:36:36,4.018,0.307
2025-02-10 23:38:14,4.018,0.314
2025-02-10 23:39:50,4.016,0.309
2025-02-10 23:41:20,4.018,0.314
2025-02-10 23:42:49,4.016,0.309
2025-02-10 23:44:18,4.016,0.309
2025-02-10 23:45:47,4.016,0.317
2025-02-10 23:47:17,4.016,0.312
2025-02-10 23:48:46,4.016,0.307
2025-02-10 23:50:16,4.016,0.309
2025-02-10 23:51:46,4.016,0.309
2025-02-10 23:53:15,4.016,0.307
2025-02-10 23:54:47,4.016,0.312
2025-02-10 23:56:17,4.016,0.314
2025-02-10 23:57:47,4.016,0.309
2025-02-10 23:59:18,4.016,0.317
2025-02-11 00:00:50,4.016,0.307
2025-02-11 00:02:20,4.016,0.307
2025-02-11 00:03:50,4.016,0.307
2025-02-11 00:05:21,4.014,0.309
2025-02-11 00:06:53,4.014,0.309
2025-02-11 00:08:29,4.016,0.309
2025-02-11 00:10:04,4.014,0.312
2025-02-11 00:11:41,4.014,0.314
2025-02-11 00:13:12,4.014,0.314
2025-02-11 00:14:49,4.014,0.307
2025-02-11 00:16:21,4.014,0.309
2025-02-11 00:17:53,4.014,0.314
2025-02-11 00:23:05,4.014,0.307
2025-02-11 00:27:16,4.014,0.309
2025-02-11 00:31:21,4.014,0.314
2025-02-11 00:35:34,4.014,0.312
2025-02-11 00:39:47,4.014,0.314
2025-02-11 00:43:41,4.014,0.307
2025-02-11 00:47:48,4.014,0.314
2025-02-11 00:51:59,4.014,0.312
2025-02-11 00:55:51,4.014,0.307
2025-02-11 01:00:05,4.014,0.312
2025-02-11 01:04:23,4.014,0.307
2025-02-11 01:08:38,4.014,0.309
2025-02-11 01:12:28,4.014,0.309
2025-02-11 01:16:46,4.014,0.314
2025-02-11 01:19:42,4.014,0.309
2025-02-11 01:23:56,4.014,0.314
2025-02-11 01:28:19,4.014,0.309
2025-02-11 01:32:35,4.014,0.312
2025-02-11 01:36:51,4.014,0.307
2025-02-11 01:41:10,4.012,0.305
2025-02-11 01:45:30,4.014,0.312
2025-02-11 01:49:51,4.012,0.312
2025-02-11 01:53:51,4.012,0.312
2025-02-11 01:58:06,4.014,0.307
2025-02-11 02:02:23,4.014,0.309
2025-02-11 02:06:44,4.012,0.307
2025-02-11 02:10:59,4.012,0.312
2025-02-11 02:15:21,4.012,0.307
2025-02-11 02:19:43,4.014,0.302
2025-02-11 02:24:04,4.012,0.309
2025-02-11 02:28:26,4.012,0.307
2025-02-11 02:32:46,4.012,0.302
2025-02-11 02:37:11,4.012,0.307
2025-02-11 02:41:30,4.012,0.312
2025-02-11 02:45:53,4.012,0.307
2025-02-11 02:50:18,4.012,0.305
2025-02-11 02:54:45,4.012,0.309
2025-02-11 02:59:11,4.012,0.309
2025-02-11 03:03:29,4.012,0.309
2025-02-11 03:07:47,4.012,0.309
2025-02-11 03:11:45,4.012,0.309
2025-02-11 03:16:11,4.012,0.307
2025-02-11 03:20:27,4.012,0.305
2025-02-11 03:24:36,4.012,0.307
2025-02-11 03:29:04,4.012,0.312
2025-02-11 03:33:29,4.012,0.309
2025-02-11 03:37:39,4.012,0.305
2025-02-11 03:42:10,4.012,0.314
2025-02-11 03:46:36,4.012,0.302
2025-02-11 03:51:06,4.012,0.309
2025-02-11 03:55:19,4.012,0.309
2025-02-11 03:59:46,4.012,0.307
2025-02-11 04:04:13,4.01,0.302
2025-02-11 04:08:31,4.012,0.307
2025-02-11 04:12:50,4.012,0.314
2025-02-11 04:17:15,4.012,0.309
2025-02-11 04:21:44,4.01,0.312
2025-02-11 04:26:17,4.012,0.302
2025-02-11 04:30:46,4.01,0.307
2025-02-11 04:35:04,4.01,0.302
2025-02-11 04:39:38,4.01,0.3
2025-02-11 04:44:09,4.01,0.314
2025-02-11 04:48:38,4.01,0.307
2025-02-11 04:53:11,4.01,0.312
2025-02-11 04:57:44,4.01,0.305
2025-02-11 05:02:17,4.01,0.307
2025-02-11 05:06:46,4.01,0.3
2025-02-11 05:11:12,4.01,0.302
2025-02-11 05:15:42,4.01,0.307
2025-02-11 05:20:24,4.01,0.302
2025-02-11 05:25:17,4.01,0.302
2025-02-11 05:30:13,4.008,0.307
2025-02-11 05:34:58,4.008,0.302
2025-02-11 05:39:50,4.008,0.305
2025-02-11 05:44:48,4.008,0.307
2025-02-11 05:49:46,4.008,0.307
2025-02-11 05:54:49,4.008,0.307
2025-02-11 05:59:47,4.01,0.295
2025-02-11 06:14:04,4.008,0.302
2025-02-11 06:28:26,4.008,0.302
2025-02-11 06:33:28,4.008,0.297
2025-02-11 06:38:33,4.008,0.302
2025-02-11 07:07:57,4.008,0.3
2025-02-11 07:20:58,4.008,0.297
2025-02-11 07:25:38,4.008,0.297
2025-02-11 07:30:20,4.008,0.302
2025-02-11 07:34:59,4.008,0.3
2025-02-11 07:39:41,4.008,0.297
2025-02-11 07:44:22,4.008,0.297
2025-02-11 07:48:55,4.008,0.297
2025-02-11 07:52:57,4.008,0.3
2025-02-11 07:57:18,4.006,0.3
2025-02-11 08:02:02,4.008,0.3
2025-02-11 08:06:48,4.008,0.3
2025-02-11 08:11:32,4.008,0.297
2025-02-11 08:15:55,4.006,0.295
2025-02-11 08:27:30,4.008,0.295
2025-02-11 08:29:40,4.006,0.292
2025-02-11 08:31:47,4.006,0.292
2025-02-11 08:43:11,4.006,0.302
2025-02-11 08:45:29,4.006,0.29
2025-02-11 08:47:36,4.006,0.295
2025-02-11 08:49:59,4.006,0.297
2025-02-11 08:52:18,4.006,0.3
2025-02-11 08:54:49,4.006,0.295
2025-02-11 08:57:12,4.006,0.3
